item_code,channel,ym,qty
K210,DOM,2020-01-31,21
K210,EXP,2020-01-31,0
K210,DOM,2020-02-29,23
K210,EXP,2020-02-29,0
K210,DOM,2020-03-31,37
K210,EXP,2020-03-31,0
K210,DOM,2020-04-30,20
K210,EXP,2020-04-30,0
K210,DOM,2020-05-31,10
K210,EXP,2020-05-31,10
K210,DOM,2020-06-30,4
K210,EXP,2020-06-30,20
K210,DOM,2020-07-31,31
K210,EXP,2020-07-31,0
K210,DOM,2020-08-31,21
K210,EXP,2020-08-31,0
K210,DOM,2020-09-30,25
K210,EXP,2020-09-30,0
K210,DOM,2020-10-31,20
K210,EXP,2020-10-31,0
K210,DOM,2020-11-30,29
K210,EXP,2020-11-30,0
K210,DOM,2020-12-31,12
K210,EXP,2020-12-31,12
K210,DOM,2021-01-31,10
K210,EXP,2021-01-31,10
K210,DOM,2021-02-28,33
K210,EXP,2021-02-28,0
K210,DOM,2021-03-31,12
K210,EXP,2021-03-31,13
K210,DOM,2021-04-30,11
K210,EXP,2021-04-30,11
K210,DOM,2021-05-31,11
K210,EXP,2021-05-31,12
K210,DOM,2021-06-30,12
K210,EXP,2021-06-30,13
K210,DOM,2021-07-31,40
K210,EXP,2021-07-31,0
K210,DOM,2021-08-31,22
K210,EXP,2021-08-31,0
K210,DOM,2021-09-30,33
K210,EXP,2021-09-30,0
K210,DOM,2021-10-31,28
K210,EXP,2021-10-31,0
K210,DOM,2021-11-30,19
K210,EXP,2021-11-30,19
K210,DOM,2021-12-31,14
K210,EXP,2021-12-31,15
K210,DOM,2022-01-31,15
K210,EXP,2022-01-31,15
K210,DOM,2022-02-28,27
K210,EXP,2022-02-28,0
K210,DOM,2022-03-31,15
K210,EXP,2022-03-31,15
K210,DOM,2022-04-30,34
K210,EXP,2022-04-30,0
K210,DOM,2022-05-31,30
K210,EXP,2022-05-31,0
K210,DOM,2022-06-30,17
K210,EXP,2022-06-30,18
K210,DOM,2022-07-31,9
K210,EXP,2022-07-31,10
K210,DOM,2022-08-31,14
K210,EXP,2022-08-31,15
K210,DOM,2022-09-30,37
K210,EXP,2022-09-30,0
K210,DOM,2022-10-31,12
K210,EXP,2022-10-31,13
K210,DOM,2022-11-30,15
K210,EXP,2022-11-30,16
K210,DOM,2022-12-31,10
K210,EXP,2022-12-31,10
K210,DOM,2023-01-31,15
K210,EXP,2023-01-31,15
K210,DOM,2023-02-28,15
K210,EXP,2023-02-28,15
K210,DOM,2023-03-31,6
K210,EXP,2023-03-31,36
K210,DOM,2023-04-30,39
K210,EXP,2023-04-30,0
K210,DOM,2023-05-31,10
K210,EXP,2023-05-31,10
K210,DOM,2023-06-30,27
K210,EXP,2023-06-30,28
K210,DOM,2023-07-31,34
K210,EXP,2023-07-31,0
K210,DOM,2023-08-31,23
K210,EXP,2023-08-31,0
K210,DOM,2023-09-30,24
K210,EXP,2023-09-30,0
K210,DOM,2023-10-31,18
K210,EXP,2023-10-31,18
K210,DOM,2023-11-30,18
K210,EXP,2023-11-30,19
K210,DOM,2023-12-31,38
K210,EXP,2023-12-31,0
K210,DOM,2024-01-31,20
K210,EXP,2024-01-31,0
K210,DOM,2024-02-29,44
K210,EXP,2024-02-29,0
K210,DOM,2024-03-31,11
K210,EXP,2024-03-31,11
K210,DOM,2024-04-30,23
K210,EXP,2024-04-30,0
K210,DOM,2024-05-31,27
K210,EXP,2024-05-31,0
K210,DOM,2024-06-30,14
K210,EXP,2024-06-30,14
K210,DOM,2024-07-31,32
K210,EXP,2024-07-31,0
K210,DOM,2024-08-31,45
K210,EXP,2024-08-31,0
K210,DOM,2024-09-30,31
K210,EXP,2024-09-30,0
K210,DOM,2024-10-31,6
K210,EXP,2024-10-31,7
K210,DOM,2024-11-30,18
K210,EXP,2024-11-30,0
K210,DOM,2024-12-31,20
K210,EXP,2024-12-31,20
K210,DOM,2025-01-31,13
K210,EXP,2025-01-31,0
K210,DOM,2025-02-28,13
K210,EXP,2025-02-28,14
K210,DOM,2025-03-31,15
K210,EXP,2025-03-31,16
K210,DOM,2025-04-30,17
K210,EXP,2025-04-30,0
K210,DOM,2025-05-31,19
K210,EXP,2025-05-31,0
K210,DOM,2025-06-30,14
K210,EXP,2025-06-30,15
K210,DOM,2025-07-31,2
K210,EXP,2025-07-31,11
K210,DOM,2025-08-31,21
K210,EXP,2025-08-31,0
K210,DOM,2025-09-30,15
K210,EXP,2025-09-30,16
K210,DOM,2025-10-31,18
K210,EXP,2025-10-31,0
K210,DOM,2025-11-30,10
K210,EXP,2025-11-30,10
K210,DOM,2025-12-31,6
K210,EXP,2025-12-31,31
K210,DOM,2026-01-31,7
K210,EXP,2026-01-31,7
K210,DOM,2026-02-28,12
K210,EXP,2026-02-28,13
K210,DOM,2026-03-31,12
K210,EXP,2026-03-31,13
K210,DOM,2026-04-30,27
K210,EXP,2026-04-30,0
K210,DOM,2026-05-31,12
K210,EXP,2026-05-31,12
K210,DOM,2026-06-30,37
K210,EXP,2026-06-30,0
K210,DOM,2026-07-31,9
K210,EXP,2026-07-31,10
K210A,DOM,2020-01-31,0
K210A,EXP,2020-01-31,0
K210A,DOM,2020-02-29,0
K210A,EXP,2020-02-29,0
K210A,DOM,2020-03-31,0
K210A,EXP,2020-03-31,0
K210A,DOM,2020-04-30,0
K210A,EXP,2020-04-30,0
K210A,DOM,2020-05-31,0
K210A,EXP,2020-05-31,0
K210A,DOM,2020-06-30,0
K210A,EXP,2020-06-30,0
K210A,DOM,2020-07-31,0
K210A,EXP,2020-07-31,0
K210A,DOM,2020-08-31,0
K210A,EXP,2020-08-31,0
K210A,DOM,2020-09-30,0
K210A,EXP,2020-09-30,0
K210A,DOM,2020-10-31,0
K210A,EXP,2020-10-31,0
K210A,DOM,2020-11-30,0
K210A,EXP,2020-11-30,0
K210A,DOM,2020-12-31,0
K210A,EXP,2020-12-31,0
K210A,DOM,2021-01-31,0
K210A,EXP,2021-01-31,0
K210A,DOM,2021-02-28,0
K210A,EXP,2021-02-28,0
K210A,DOM,2021-03-31,0
K210A,EXP,2021-03-31,0
K210A,DOM,2021-04-30,0
K210A,EXP,2021-04-30,0
K210A,DOM,2021-05-31,0
K210A,EXP,2021-05-31,0
K210A,DOM,2021-06-30,0
K210A,EXP,2021-06-30,0
K210A,DOM,2021-07-31,0
K210A,EXP,2021-07-31,0
K210A,DOM,2021-08-31,0
K210A,EXP,2021-08-31,0
K210A,DOM,2021-09-30,0
K210A,EXP,2021-09-30,0
K210A,DOM,2021-10-31,0
K210A,EXP,2021-10-31,0
K210A,DOM,2021-11-30,0
K210A,EXP,2021-11-30,0
K210A,DOM,2021-12-31,0
K210A,EXP,2021-12-31,0
K210A,DOM,2022-01-31,0
K210A,EXP,2022-01-31,0
K210A,DOM,2022-02-28,0
K210A,EXP,2022-02-28,0
K210A,DOM,2022-03-31,0
K210A,EXP,2022-03-31,0
K210A,DOM,2022-04-30,1
K210A,EXP,2022-04-30,1
K210A,DOM,2022-05-31,2
K210A,EXP,2022-05-31,3
K210A,DOM,2022-06-30,3
K210A,EXP,2022-06-30,0
K210A,DOM,2022-07-31,5
K210A,EXP,2022-07-31,0
K210A,DOM,2022-08-31,0
K210A,EXP,2022-08-31,0
K210A,DOM,2022-09-30,0
K210A,EXP,2022-09-30,0
K210A,DOM,2022-10-31,1
K210A,EXP,2022-10-31,2
K210A,DOM,2022-11-30,4
K210A,EXP,2022-11-30,0
K210A,DOM,2022-12-31,1
K210A,EXP,2022-12-31,1
K210A,DOM,2023-01-31,1
K210A,EXP,2023-01-31,1
K210A,DOM,2023-02-28,0
K210A,EXP,2023-02-28,0
K210A,DOM,2023-03-31,0
K210A,EXP,2023-03-31,0
K210A,DOM,2023-04-30,0
K210A,EXP,2023-04-30,0
K210A,DOM,2023-05-31,0
K210A,EXP,2023-05-31,0
K210A,DOM,2023-06-30,0
K210A,EXP,2023-06-30,0
K210A,DOM,2023-07-31,2
K210A,EXP,2023-07-31,2
K210A,DOM,2023-08-31,0
K210A,EXP,2023-08-31,0
K210A,DOM,2023-09-30,5
K210A,EXP,2023-09-30,0
K210A,DOM,2023-10-31,6
K210A,EXP,2023-10-31,0
K210A,DOM,2023-11-30,2
K210A,EXP,2023-11-30,0
K210A,DOM,2023-12-31,3
K210A,EXP,2023-12-31,0
K210A,DOM,2024-01-31,0
K210A,EXP,2024-01-31,1
K210A,DOM,2024-02-29,0
K210A,EXP,2024-02-29,0
K210A,DOM,2024-03-31,0
K210A,EXP,2024-03-31,1
K210A,DOM,2024-04-30,1
K210A,EXP,2024-04-30,1
K210A,DOM,2024-05-31,1
K210A,EXP,2024-05-31,2
K210A,DOM,2024-06-30,1
K210A,EXP,2024-06-30,1
K210A,DOM,2024-07-31,0
K210A,EXP,2024-07-31,2
K210A,DOM,2024-08-31,1
K210A,EXP,2024-08-31,0
K210A,DOM,2024-09-30,0
K210A,EXP,2024-09-30,0
K210A,DOM,2024-10-31,4
K210A,EXP,2024-10-31,4
K210A,DOM,2024-11-30,4
K210A,EXP,2024-11-30,0
K210A,DOM,2024-12-31,2
K210A,EXP,2024-12-31,0
K210A,DOM,2025-01-31,1
K210A,EXP,2025-01-31,1
K210A,DOM,2025-02-28,4
K210A,EXP,2025-02-28,4
K210A,DOM,2025-03-31,1
K210A,EXP,2025-03-31,2
K210A,DOM,2025-04-30,3
K210A,EXP,2025-04-30,0
K210A,DOM,2025-05-31,0
K210A,EXP,2025-05-31,0
K210A,DOM,2025-06-30,3
K210A,EXP,2025-06-30,3
K210A,DOM,2025-07-31,2
K210A,EXP,2025-07-31,0
K210A,DOM,2025-08-31,0
K210A,EXP,2025-08-31,1
K210A,DOM,2025-09-30,0
K210A,EXP,2025-09-30,0
K210A,DOM,2025-10-31,0
K210A,EXP,2025-10-31,1
K210A,DOM,2025-11-30,3
K210A,EXP,2025-11-30,3
K210A,DOM,2025-12-31,1
K210A,EXP,2025-12-31,1
K210A,DOM,2026-01-31,2
K210A,EXP,2026-01-31,0
K210A,DOM,2026-02-28,3
K210A,EXP,2026-02-28,0
K210A,DOM,2026-03-31,0
K210A,EXP,2026-03-31,1
K210A,DOM,2026-04-30,0
K210A,EXP,2026-04-30,1
K210A,DOM,2026-05-31,0
K210A,EXP,2026-05-31,0
K210A,DOM,2026-06-30,0
K210A,EXP,2026-06-30,1
K210A,DOM,2026-07-31,2
K210A,EXP,2026-07-31,2
K210B,DOM,2020-01-31,78
K210B,EXP,2020-01-31,0
K210B,DOM,2020-02-29,21
K210B,EXP,2020-02-29,0
K210B,DOM,2020-03-31,36
K210B,EXP,2020-03-31,24
K210B,DOM,2020-04-30,66
K210B,EXP,2020-04-30,44
K210B,DOM,2020-05-31,56
K210B,EXP,2020-05-31,37
K210B,DOM,2020-06-30,47
K210B,EXP,2020-06-30,32
K210B,DOM,2020-07-31,22
K210B,EXP,2020-07-31,15
K210B,DOM,2020-08-31,23
K210B,EXP,2020-08-31,15
K210B,DOM,2020-09-30,34
K210B,EXP,2020-09-30,23
K210B,DOM,2020-10-31,64
K210B,EXP,2020-10-31,0
K210B,DOM,2020-11-30,26
K210B,EXP,2020-11-30,17
K210B,DOM,2020-12-31,21
K210B,EXP,2020-12-31,0
K210B,DOM,2021-01-31,93
K210B,EXP,2021-01-31,0
K210B,DOM,2021-02-28,43
K210B,EXP,2021-02-28,29
K210B,DOM,2021-03-31,60
K210B,EXP,2021-03-31,0
K210B,DOM,2021-04-30,28
K210B,EXP,2021-04-30,0
K210B,DOM,2021-05-31,45
K210B,EXP,2021-05-31,0
K210B,DOM,2021-06-30,14
K210B,EXP,2021-06-30,10
K210B,DOM,2021-07-31,30
K210B,EXP,2021-07-31,0
K210B,DOM,2021-08-31,26
K210B,EXP,2021-08-31,17
K210B,DOM,2021-09-30,15
K210B,EXP,2021-09-30,10
K210B,DOM,2021-10-31,21
K210B,EXP,2021-10-31,14
K210B,DOM,2021-11-30,43
K210B,EXP,2021-11-30,28
K210B,DOM,2021-12-31,9
K210B,EXP,2021-12-31,0
K210B,DOM,2022-01-31,27
K210B,EXP,2022-01-31,18
K210B,DOM,2022-02-28,14
K210B,EXP,2022-02-28,10
K210B,DOM,2022-03-31,29
K210B,EXP,2022-03-31,20
K210B,DOM,2022-04-30,43
K210B,EXP,2022-04-30,29
K210B,DOM,2022-05-31,49
K210B,EXP,2022-05-31,0
K210B,DOM,2022-06-30,153
K210B,EXP,2022-06-30,0
K210B,DOM,2022-07-31,14
K210B,EXP,2022-07-31,10
K210B,DOM,2022-08-31,46
K210B,EXP,2022-08-31,31
K210B,DOM,2022-09-30,23
K210B,EXP,2022-09-30,16
K210B,DOM,2022-10-31,10
K210B,EXP,2022-10-31,7
K210B,DOM,2022-11-30,11
K210B,EXP,2022-11-30,8
K210B,DOM,2022-12-31,25
K210B,EXP,2022-12-31,17
K210B,DOM,2023-01-31,62
K210B,EXP,2023-01-31,41
K210B,DOM,2023-02-28,34
K210B,EXP,2023-02-28,22
K210B,DOM,2023-03-31,20
K210B,EXP,2023-03-31,13
K210B,DOM,2023-04-30,31
K210B,EXP,2023-04-30,0
K210B,DOM,2023-05-31,37
K210B,EXP,2023-05-31,0
K210B,DOM,2023-06-30,54
K210B,EXP,2023-06-30,0
K210B,DOM,2023-07-31,30
K210B,EXP,2023-07-31,20
K210B,DOM,2023-08-31,21
K210B,EXP,2023-08-31,0
K210B,DOM,2023-09-30,4
K210B,EXP,2023-09-30,2
K210B,DOM,2023-10-31,43
K210B,EXP,2023-10-31,28
K210B,DOM,2023-11-30,35
K210B,EXP,2023-11-30,23
K210B,DOM,2023-12-31,118
K210B,EXP,2023-12-31,0
K210B,DOM,2024-01-31,55
K210B,EXP,2024-01-31,0
K210B,DOM,2024-02-29,71
K210B,EXP,2024-02-29,0
K210B,DOM,2024-03-31,22
K210B,EXP,2024-03-31,14
K210B,DOM,2024-04-30,42
K210B,EXP,2024-04-30,0
K210B,DOM,2024-05-31,6
K210B,EXP,2024-05-31,33
K210B,DOM,2024-06-30,45
K210B,EXP,2024-06-30,0
K210B,DOM,2024-07-31,17
K210B,EXP,2024-07-31,11
K210B,DOM,2024-08-31,27
K210B,EXP,2024-08-31,0
K210B,DOM,2024-09-30,16
K210B,EXP,2024-09-30,11
K210B,DOM,2024-10-31,44
K210B,EXP,2024-10-31,0
K210B,DOM,2024-11-30,17
K210B,EXP,2024-11-30,0
K210B,DOM,2024-12-31,24
K210B,EXP,2024-12-31,0
K210B,DOM,2025-01-31,64
K210B,EXP,2025-01-31,42
K210B,DOM,2025-02-28,14
K210B,EXP,2025-02-28,9
K210B,DOM,2025-03-31,8
K210B,EXP,2025-03-31,43
K210B,DOM,2025-04-30,29
K210B,EXP,2025-04-30,19
K210B,DOM,2025-05-31,37
K210B,EXP,2025-05-31,24
K210B,DOM,2025-06-30,65
K210B,EXP,2025-06-30,43
K210B,DOM,2025-07-31,17
K210B,EXP,2025-07-31,12
K210B,DOM,2025-08-31,56
K210B,EXP,2025-08-31,0
K210B,DOM,2025-09-30,24
K210B,EXP,2025-09-30,16
K210B,DOM,2025-10-31,17
K210B,EXP,2025-10-31,11
K210B,DOM,2025-11-30,23
K210B,EXP,2025-11-30,16
K210B,DOM,2025-12-31,21
K210B,EXP,2025-12-31,14
K210B,DOM,2026-01-31,49
K210B,EXP,2026-01-31,0
K210B,DOM,2026-02-28,29
K210B,EXP,2026-02-28,0
K210B,DOM,2026-03-31,43
K210B,EXP,2026-03-31,0
K210B,DOM,2026-04-30,81
K210B,EXP,2026-04-30,0
K210B,DOM,2026-05-31,49
K210B,EXP,2026-05-31,32
K210B,DOM,2026-06-30,32
K210B,EXP,2026-06-30,0
K210B,DOM,2026-07-31,13
K210B,EXP,2026-07-31,9
K210C,DOM,2020-01-31,4
K210C,EXP,2020-01-31,0
K210C,DOM,2020-02-29,2
K210C,EXP,2020-02-29,4
K210C,DOM,2020-03-31,3
K210C,EXP,2020-03-31,0
K210C,DOM,2020-04-30,5
K210C,EXP,2020-04-30,9
K210C,DOM,2020-05-31,6
K210C,EXP,2020-05-31,11
K210C,DOM,2020-06-30,35
K210C,EXP,2020-06-30,0
K210C,DOM,2020-07-31,10
K210C,EXP,2020-07-31,0
K210C,DOM,2020-08-31,10
K210C,EXP,2020-08-31,0
K210C,DOM,2020-09-30,7
K210C,EXP,2020-09-30,12
K210C,DOM,2020-10-31,16
K210C,EXP,2020-10-31,27
K210C,DOM,2020-11-30,2
K210C,EXP,2020-11-30,3
K210C,DOM,2020-12-31,22
K210C,EXP,2020-12-31,0
K210C,DOM,2021-01-31,6
K210C,EXP,2021-01-31,10
K210C,DOM,2021-02-28,21
K210C,EXP,2021-02-28,38
K210C,DOM,2021-03-31,4
K210C,EXP,2021-03-31,7
K210C,DOM,2021-04-30,3
K210C,EXP,2021-04-30,5
K210C,DOM,2021-05-31,12
K210C,EXP,2021-05-31,0
K210C,DOM,2021-06-30,4
K210C,EXP,2021-06-30,7
K210C,DOM,2021-07-31,5
K210C,EXP,2021-07-31,9
K210C,DOM,2021-08-31,28
K210C,EXP,2021-08-31,0
K210C,DOM,2021-09-30,30
K210C,EXP,2021-09-30,0
K210C,DOM,2021-10-31,11
K210C,EXP,2021-10-31,18
K210C,DOM,2021-11-30,5
K210C,EXP,2021-11-30,9
K210C,DOM,2021-12-31,22
K210C,EXP,2021-12-31,0
K210C,DOM,2022-01-31,28
K210C,EXP,2022-01-31,0
K210C,DOM,2022-02-28,68
K210C,EXP,2022-02-28,0
K210C,DOM,2022-03-31,16
K210C,EXP,2022-03-31,0
K210C,DOM,2022-04-30,3
K210C,EXP,2022-04-30,6
K210C,DOM,2022-05-31,4
K210C,EXP,2022-05-31,25
K210C,DOM,2022-06-30,9
K210C,EXP,2022-06-30,0
K210C,DOM,2022-07-31,14
K210C,EXP,2022-07-31,0
K210C,DOM,2022-08-31,7
K210C,EXP,2022-08-31,0
K210C,DOM,2022-09-30,10
K210C,EXP,2022-09-30,17
K210C,DOM,2022-10-31,5
K210C,EXP,2022-10-31,0
K210C,DOM,2022-11-30,16
K210C,EXP,2022-11-30,0
K210C,DOM,2022-12-31,13
K210C,EXP,2022-12-31,0
K210C,DOM,2023-01-31,6
K210C,EXP,2023-01-31,11
K210C,DOM,2023-02-28,1
K210C,EXP,2023-02-28,6
K210C,DOM,2023-03-31,1
K210C,EXP,2023-03-31,3
K210C,DOM,2023-04-30,66
K210C,EXP,2023-04-30,0
K210C,DOM,2023-05-31,7
K210C,EXP,2023-05-31,0
K210C,DOM,2023-06-30,1
K210C,EXP,2023-06-30,3
K210C,DOM,2023-07-31,1
K210C,EXP,2023-07-31,5
K210C,DOM,2023-08-31,23
K210C,EXP,2023-08-31,41
K210C,DOM,2023-09-30,16
K210C,EXP,2023-09-30,0
K210C,DOM,2023-10-31,15
K210C,EXP,2023-10-31,26
K210C,DOM,2023-11-30,1
K210C,EXP,2023-11-30,0
K210C,DOM,2023-12-31,161
K210C,EXP,2023-12-31,0
K210C,DOM,2024-01-31,4
K210C,EXP,2024-01-31,7
K210C,DOM,2024-02-29,2
K210C,EXP,2024-02-29,4
K210C,DOM,2024-03-31,49
K210C,EXP,2024-03-31,0
K210C,DOM,2024-04-30,52
K210C,EXP,2024-04-30,0
K210C,DOM,2024-05-31,8
K210C,EXP,2024-05-31,13
K210C,DOM,2024-06-30,12
K210C,EXP,2024-06-30,22
K210C,DOM,2024-07-31,20
K210C,EXP,2024-07-31,34
K210C,DOM,2024-08-31,5
K210C,EXP,2024-08-31,9
K210C,DOM,2024-09-30,32
K210C,EXP,2024-09-30,55
K210C,DOM,2024-10-31,2
K210C,EXP,2024-10-31,3
K210C,DOM,2024-11-30,6
K210C,EXP,2024-11-30,0
K210C,DOM,2024-12-31,16
K210C,EXP,2024-12-31,0
K210C,DOM,2025-01-31,9
K210C,EXP,2025-01-31,0
K210C,DOM,2025-02-28,9
K210C,EXP,2025-02-28,16
K210C,DOM,2025-03-31,1
K210C,EXP,2025-03-31,0
K210C,DOM,2025-04-30,20
K210C,EXP,2025-04-30,0
K210C,DOM,2025-05-31,1
K210C,EXP,2025-05-31,3
K210C,DOM,2025-06-30,38
K210C,EXP,2025-06-30,0
K210C,DOM,2025-07-31,6
K210C,EXP,2025-07-31,10
K210C,DOM,2025-08-31,12
K210C,EXP,2025-08-31,21
K210C,DOM,2025-09-30,20
K210C,EXP,2025-09-30,0
K210C,DOM,2025-10-31,118
K210C,EXP,2025-10-31,0
K210C,DOM,2025-11-30,44
K210C,EXP,2025-11-30,0
K210C,DOM,2025-12-31,16
K210C,EXP,2025-12-31,0
K210C,DOM,2026-01-31,5
K210C,EXP,2026-01-31,8
K210C,DOM,2026-02-28,7
K210C,EXP,2026-02-28,11
K210C,DOM,2026-03-31,2
K210C,EXP,2026-03-31,3
K210C,DOM,2026-04-30,4
K210C,EXP,2026-04-30,0
K210C,DOM,2026-05-31,9
K210C,EXP,2026-05-31,0
K210C,DOM,2026-06-30,7
K210C,EXP,2026-06-30,12
K210C,DOM,2026-07-31,5
K210C,EXP,2026-07-31,9
K210D,DOM,2020-01-31,0
K210D,EXP,2020-01-31,0
K210D,DOM,2020-02-29,0
K210D,EXP,2020-02-29,0
K210D,DOM,2020-03-31,0
K210D,EXP,2020-03-31,0
K210D,DOM,2020-04-30,0
K210D,EXP,2020-04-30,0
K210D,DOM,2020-05-31,0
K210D,EXP,2020-05-31,0
K210D,DOM,2020-06-30,0
K210D,EXP,2020-06-30,0
K210D,DOM,2020-07-31,0
K210D,EXP,2020-07-31,0
K210D,DOM,2020-08-31,0
K210D,EXP,2020-08-31,0
K210D,DOM,2020-09-30,0
K210D,EXP,2020-09-30,0
K210D,DOM,2020-10-31,0
K210D,EXP,2020-10-31,0
K210D,DOM,2020-11-30,0
K210D,EXP,2020-11-30,0
K210D,DOM,2020-12-31,0
K210D,EXP,2020-12-31,0
K210D,DOM,2021-01-31,0
K210D,EXP,2021-01-31,0
K210D,DOM,2021-02-28,0
K210D,EXP,2021-02-28,0
K210D,DOM,2021-03-31,0
K210D,EXP,2021-03-31,0
K210D,DOM,2021-04-30,0
K210D,EXP,2021-04-30,0
K210D,DOM,2021-05-31,0
K210D,EXP,2021-05-31,0
K210D,DOM,2021-06-30,0
K210D,EXP,2021-06-30,0
K210D,DOM,2021-07-31,0
K210D,EXP,2021-07-31,0
K210D,DOM,2021-08-31,0
K210D,EXP,2021-08-31,0
K210D,DOM,2021-09-30,0
K210D,EXP,2021-09-30,0
K210D,DOM,2021-10-31,0
K210D,EXP,2021-10-31,0
K210D,DOM,2021-11-30,0
K210D,EXP,2021-11-30,0
K210D,DOM,2021-12-31,0
K210D,EXP,2021-12-31,0
K210D,DOM,2022-01-31,0
K210D,EXP,2022-01-31,0
K210D,DOM,2022-02-28,0
K210D,EXP,2022-02-28,0
K210D,DOM,2022-03-31,0
K210D,EXP,2022-03-31,0
K210D,DOM,2022-04-30,0
K210D,EXP,2022-04-30,0
K210D,DOM,2022-05-31,0
K210D,EXP,2022-05-31,0
K210D,DOM,2022-06-30,0
K210D,EXP,2022-06-30,0
K210D,DOM,2022-07-31,0
K210D,EXP,2022-07-31,0
K210D,DOM,2022-08-31,0
K210D,EXP,2022-08-31,0
K210D,DOM,2022-09-30,0
K210D,EXP,2022-09-30,0
K210D,DOM,2022-10-31,0
K210D,EXP,2022-10-31,0
K210D,DOM,2022-11-30,0
K210D,EXP,2022-11-30,0
K210D,DOM,2022-12-31,0
K210D,EXP,2022-12-31,0
K210D,DOM,2023-01-31,1
K210D,EXP,2023-01-31,0
K210D,DOM,2023-02-28,1
K210D,EXP,2023-02-28,0
K210D,DOM,2023-03-31,0
K210D,EXP,2023-03-31,0
K210D,DOM,2023-04-30,1
K210D,EXP,2023-04-30,0
K210D,DOM,2023-05-31,0
K210D,EXP,2023-05-31,0
K210D,DOM,2023-06-30,0
K210D,EXP,2023-06-30,0
K210D,DOM,2023-07-31,0
K210D,EXP,2023-07-31,0
K210D,DOM,2023-08-31,2
K210D,EXP,2023-08-31,2
K210D,DOM,2023-09-30,0
K210D,EXP,2023-09-30,0
K210D,DOM,2023-10-31,0
K210D,EXP,2023-10-31,0
K210D,DOM,2023-11-30,0
K210D,EXP,2023-11-30,0
K210D,DOM,2023-12-31,1
K210D,EXP,2023-12-31,0
K210D,DOM,2024-01-31,0
K210D,EXP,2024-01-31,0
K210D,DOM,2024-02-29,0
K210D,EXP,2024-02-29,0
K210D,DOM,2024-03-31,0
K210D,EXP,2024-03-31,0
K210D,DOM,2024-04-30,0
K210D,EXP,2024-04-30,0
K210D,DOM,2024-05-31,0
K210D,EXP,2024-05-31,0
K210D,DOM,2024-06-30,0
K210D,EXP,2024-06-30,0
K210D,DOM,2024-07-31,0
K210D,EXP,2024-07-31,0
K210D,DOM,2024-08-31,0
K210D,EXP,2024-08-31,0
K210D,DOM,2024-09-30,0
K210D,EXP,2024-09-30,0
K210D,DOM,2024-10-31,1
K210D,EXP,2024-10-31,0
K210D,DOM,2024-11-30,0
K210D,EXP,2024-11-30,0
K210D,DOM,2024-12-31,0
K210D,EXP,2024-12-31,0
K210D,DOM,2025-01-31,0
K210D,EXP,2025-01-31,0
K210D,DOM,2025-02-28,0
K210D,EXP,2025-02-28,0
K210D,DOM,2025-03-31,1
K210D,EXP,2025-03-31,5
K210D,DOM,2025-04-30,0
K210D,EXP,2025-04-30,0
K210D,DOM,2025-05-31,0
K210D,EXP,2025-05-31,0
K210D,DOM,2025-06-30,0
K210D,EXP,2025-06-30,0
K210D,DOM,2025-07-31,0
K210D,EXP,2025-07-31,0
K210D,DOM,2025-08-31,0
K210D,EXP,2025-08-31,0
K210D,DOM,2025-09-30,0
K210D,EXP,2025-09-30,0
K210D,DOM,2025-10-31,0
K210D,EXP,2025-10-31,0
K210D,DOM,2025-11-30,0
K210D,EXP,2025-11-30,0
K210D,DOM,2025-12-31,0
K210D,EXP,2025-12-31,0
K210D,DOM,2026-01-31,1
K210D,EXP,2026-01-31,0
K210D,DOM,2026-02-28,0
K210D,EXP,2026-02-28,0
K210D,DOM,2026-03-31,0
K210D,EXP,2026-03-31,0
K210D,DOM,2026-04-30,0
K210D,EXP,2026-04-30,0
K210D,DOM,2026-05-31,1
K210D,EXP,2026-05-31,0
K210D,DOM,2026-06-30,0
K210D,EXP,2026-06-30,0
K210D,DOM,2026-07-31,1
K210D,EXP,2026-07-31,1
K240,DOM,2020-01-31,3
K240,EXP,2020-01-31,5
K240,DOM,2020-02-29,0
K240,EXP,2020-02-29,0
K240,DOM,2020-03-31,0
K240,EXP,2020-03-31,1
K240,DOM,2020-04-30,5
K240,EXP,2020-04-30,0
K240,DOM,2020-05-31,27
K240,EXP,2020-05-31,0
K240,DOM,2020-06-30,0
K240,EXP,2020-06-30,0
K240,DOM,2020-07-31,6
K240,EXP,2020-07-31,0
K240,DOM,2020-08-31,5
K240,EXP,2020-08-31,0
K240,DOM,2020-09-30,0
K240,EXP,2020-09-30,0
K240,DOM,2020-10-31,0
K240,EXP,2020-10-31,0
K240,DOM,2020-11-30,19
K240,EXP,2020-11-30,0
K240,DOM,2020-12-31,2
K240,EXP,2020-12-31,3
K240,DOM,2021-01-31,1
K240,EXP,2021-01-31,2
K240,DOM,2021-02-28,9
K240,EXP,2021-02-28,0
K240,DOM,2021-03-31,7
K240,EXP,2021-03-31,0
K240,DOM,2021-04-30,1
K240,EXP,2021-04-30,1
K240,DOM,2021-05-31,4
K240,EXP,2021-05-31,0
K240,DOM,2021-06-30,7
K240,EXP,2021-06-30,10
K240,DOM,2021-07-31,29
K240,EXP,2021-07-31,0
K240,DOM,2021-08-31,2
K240,EXP,2021-08-31,0
K240,DOM,2021-09-30,4
K240,EXP,2021-09-30,6
K240,DOM,2021-10-31,3
K240,EXP,2021-10-31,3
K240,DOM,2021-11-30,0
K240,EXP,2021-11-30,1
K240,DOM,2021-12-31,0
K240,EXP,2021-12-31,1
K240,DOM,2022-01-31,2
K240,EXP,2022-01-31,2
K240,DOM,2022-02-28,6
K240,EXP,2022-02-28,0
K240,DOM,2022-03-31,3
K240,EXP,2022-03-31,0
K240,DOM,2022-04-30,15
K240,EXP,2022-04-30,22
K240,DOM,2022-05-31,3
K240,EXP,2022-05-31,0
K240,DOM,2022-06-30,0
K240,EXP,2022-06-30,0
K240,DOM,2022-07-31,4
K240,EXP,2022-07-31,0
K240,DOM,2022-08-31,3
K240,EXP,2022-08-31,0
K240,DOM,2022-09-30,6
K240,EXP,2022-09-30,33
K240,DOM,2022-10-31,5
K240,EXP,2022-10-31,6
K240,DOM,2022-11-30,0
K240,EXP,2022-11-30,0
K240,DOM,2022-12-31,7
K240,EXP,2022-12-31,0
K240,DOM,2023-01-31,5
K240,EXP,2023-01-31,7
K240,DOM,2023-02-28,1
K240,EXP,2023-02-28,0
K240,DOM,2023-03-31,0
K240,EXP,2023-03-31,0
K240,DOM,2023-04-30,4
K240,EXP,2023-04-30,0
K240,DOM,2023-05-31,1
K240,EXP,2023-05-31,1
K240,DOM,2023-06-30,4
K240,EXP,2023-06-30,0
K240,DOM,2023-07-31,0
K240,EXP,2023-07-31,0
K240,DOM,2023-08-31,6
K240,EXP,2023-08-31,9
K240,DOM,2023-09-30,26
K240,EXP,2023-09-30,0
K240,DOM,2023-10-31,2
K240,EXP,2023-10-31,2
K240,DOM,2023-11-30,23
K240,EXP,2023-11-30,0
K240,DOM,2023-12-31,3
K240,EXP,2023-12-31,5
K240,DOM,2024-01-31,11
K240,EXP,2024-01-31,0
K240,DOM,2024-02-29,0
K240,EXP,2024-02-29,0
K240,DOM,2024-03-31,0
K240,EXP,2024-03-31,0
K240,DOM,2024-04-30,22
K240,EXP,2024-04-30,31
K240,DOM,2024-05-31,0
K240,EXP,2024-05-31,0
K240,DOM,2024-06-30,2
K240,EXP,2024-06-30,13
K240,DOM,2024-07-31,5
K240,EXP,2024-07-31,7
K240,DOM,2024-08-31,3
K240,EXP,2024-08-31,3
K240,DOM,2024-09-30,2
K240,EXP,2024-09-30,3
K240,DOM,2024-10-31,3
K240,EXP,2024-10-31,5
K240,DOM,2024-11-30,10
K240,EXP,2024-11-30,0
K240,DOM,2024-12-31,28
K240,EXP,2024-12-31,0
K240,DOM,2025-01-31,2
K240,EXP,2025-01-31,3
K240,DOM,2025-02-28,4
K240,EXP,2025-02-28,0
K240,DOM,2025-03-31,9
K240,EXP,2025-03-31,0
K240,DOM,2025-04-30,0
K240,EXP,2025-04-30,0
K240,DOM,2025-05-31,3
K240,EXP,2025-05-31,4
K240,DOM,2025-06-30,12
K240,EXP,2025-06-30,0
K240,DOM,2025-07-31,2
K240,EXP,2025-07-31,3
K240,DOM,2025-08-31,3
K240,EXP,2025-08-31,3
K240,DOM,2025-09-30,8
K240,EXP,2025-09-30,10
K240,DOM,2025-10-31,1
K240,EXP,2025-10-31,1
K240,DOM,2025-11-30,9
K240,EXP,2025-11-30,0
K240,DOM,2025-12-31,5
K240,EXP,2025-12-31,0
K240,DOM,2026-01-31,6
K240,EXP,2026-01-31,0
K240,DOM,2026-02-28,2
K240,EXP,2026-02-28,3
K240,DOM,2026-03-31,0
K240,EXP,2026-03-31,0
K240,DOM,2026-04-30,2
K240,EXP,2026-04-30,2
K240,DOM,2026-05-31,10
K240,EXP,2026-05-31,0
K240,DOM,2026-06-30,2
K240,EXP,2026-06-30,0
K240,DOM,2026-07-31,3
K240,EXP,2026-07-31,3
K240B,DOM,2020-01-31,0
K240B,EXP,2020-01-31,0
K240B,DOM,2020-02-29,0
K240B,EXP,2020-02-29,0
K240B,DOM,2020-03-31,0
K240B,EXP,2020-03-31,0
K240B,DOM,2020-04-30,0
K240B,EXP,2020-04-30,0
K240B,DOM,2020-05-31,0
K240B,EXP,2020-05-31,0
K240B,DOM,2020-06-30,0
K240B,EXP,2020-06-30,0
K240B,DOM,2020-07-31,0
K240B,EXP,2020-07-31,0
K240B,DOM,2020-08-31,0
K240B,EXP,2020-08-31,0
K240B,DOM,2020-09-30,0
K240B,EXP,2020-09-30,0
K240B,DOM,2020-10-31,0
K240B,EXP,2020-10-31,0
K240B,DOM,2020-11-30,0
K240B,EXP,2020-11-30,0
K240B,DOM,2020-12-31,0
K240B,EXP,2020-12-31,0
K240B,DOM,2021-01-31,0
K240B,EXP,2021-01-31,0
K240B,DOM,2021-02-28,0
K240B,EXP,2021-02-28,0
K240B,DOM,2021-03-31,0
K240B,EXP,2021-03-31,0
K240B,DOM,2021-04-30,0
K240B,EXP,2021-04-30,0
K240B,DOM,2021-05-31,0
K240B,EXP,2021-05-31,0
K240B,DOM,2021-06-30,0
K240B,EXP,2021-06-30,0
K240B,DOM,2021-07-31,0
K240B,EXP,2021-07-31,0
K240B,DOM,2021-08-31,0
K240B,EXP,2021-08-31,0
K240B,DOM,2021-09-30,0
K240B,EXP,2021-09-30,0
K240B,DOM,2021-10-31,1
K240B,EXP,2021-10-31,0
K240B,DOM,2021-11-30,0
K240B,EXP,2021-11-30,0
K240B,DOM,2021-12-31,1
K240B,EXP,2021-12-31,0
K240B,DOM,2022-01-31,1
K240B,EXP,2022-01-31,0
K240B,DOM,2022-02-28,0
K240B,EXP,2022-02-28,3
K240B,DOM,2022-03-31,3
K240B,EXP,2022-03-31,1
K240B,DOM,2022-04-30,2
K240B,EXP,2022-04-30,1
K240B,DOM,2022-05-31,0
K240B,EXP,2022-05-31,0
K240B,DOM,2022-06-30,3
K240B,EXP,2022-06-30,0
K240B,DOM,2022-07-31,10
K240B,EXP,2022-07-31,0
K240B,DOM,2022-08-31,0
K240B,EXP,2022-08-31,0
K240B,DOM,2022-09-30,3
K240B,EXP,2022-09-30,0
K240B,DOM,2022-10-31,0
K240B,EXP,2022-10-31,0
K240B,DOM,2022-11-30,0
K240B,EXP,2022-11-30,0
K240B,DOM,2022-12-31,0
K240B,EXP,2022-12-31,0
K240B,DOM,2023-01-31,2
K240B,EXP,2023-01-31,0
K240B,DOM,2023-02-28,0
K240B,EXP,2023-02-28,0
K240B,DOM,2023-03-31,0
K240B,EXP,2023-03-31,0
K240B,DOM,2023-04-30,3
K240B,EXP,2023-04-30,1
K240B,DOM,2023-05-31,3
K240B,EXP,2023-05-31,1
K240B,DOM,2023-06-30,0
K240B,EXP,2023-06-30,0
K240B,DOM,2023-07-31,1
K240B,EXP,2023-07-31,1
K240B,DOM,2023-08-31,1
K240B,EXP,2023-08-31,0
K240B,DOM,2023-09-30,2
K240B,EXP,2023-09-30,0
K240B,DOM,2023-10-31,0
K240B,EXP,2023-10-31,0
K240B,DOM,2023-11-30,0
K240B,EXP,2023-11-30,0
K240B,DOM,2023-12-31,0
K240B,EXP,2023-12-31,0
K240B,DOM,2024-01-31,0
K240B,EXP,2024-01-31,0
K240B,DOM,2024-02-29,4
K240B,EXP,2024-02-29,3
K240B,DOM,2024-03-31,1
K240B,EXP,2024-03-31,1
K240B,DOM,2024-04-30,4
K240B,EXP,2024-04-30,0
K240B,DOM,2024-05-31,0
K240B,EXP,2024-05-31,0
K240B,DOM,2024-06-30,3
K240B,EXP,2024-06-30,0
K240B,DOM,2024-07-31,2
K240B,EXP,2024-07-31,0
K240B,DOM,2024-08-31,0
K240B,EXP,2024-08-31,0
K240B,DOM,2024-09-30,3
K240B,EXP,2024-09-30,1
K240B,DOM,2024-10-31,0
K240B,EXP,2024-10-31,0
K240B,DOM,2024-11-30,0
K240B,EXP,2024-11-30,0
K240B,DOM,2024-12-31,0
K240B,EXP,2024-12-31,0
K240B,DOM,2025-01-31,0
K240B,EXP,2025-01-31,0
K240B,DOM,2025-02-28,1
K240B,EXP,2025-02-28,1
K240B,DOM,2025-03-31,0
K240B,EXP,2025-03-31,0
K240B,DOM,2025-04-30,0
K240B,EXP,2025-04-30,0
K240B,DOM,2025-05-31,0
K240B,EXP,2025-05-31,0
K240B,DOM,2025-06-30,1
K240B,EXP,2025-06-30,0
K240B,DOM,2025-07-31,3
K240B,EXP,2025-07-31,0
K240B,DOM,2025-08-31,0
K240B,EXP,2025-08-31,0
K240B,DOM,2025-09-30,5
K240B,EXP,2025-09-30,0
K240B,DOM,2025-10-31,0
K240B,EXP,2025-10-31,0
K240B,DOM,2025-11-30,1
K240B,EXP,2025-11-30,1
K240B,DOM,2025-12-31,3
K240B,EXP,2025-12-31,0
K240B,DOM,2026-01-31,1
K240B,EXP,2026-01-31,1
K240B,DOM,2026-02-28,0
K240B,EXP,2026-02-28,0
K240B,DOM,2026-03-31,1
K240B,EXP,2026-03-31,0
K240B,DOM,2026-04-30,0
K240B,EXP,2026-04-30,0
K240B,DOM,2026-05-31,2
K240B,EXP,2026-05-31,0
K240B,DOM,2026-06-30,1
K240B,EXP,2026-06-30,0
K240B,DOM,2026-07-31,6
K240B,EXP,2026-07-31,0
K250A,DOM,2020-01-31,169
K250A,EXP,2020-01-31,131
K250A,DOM,2020-02-29,129
K250A,EXP,2020-02-29,99
K250A,DOM,2020-03-31,175
K250A,EXP,2020-03-31,135
K250A,DOM,2020-04-30,191
K250A,EXP,2020-04-30,148
K250A,DOM,2020-05-31,257
K250A,EXP,2020-05-31,0
K250A,DOM,2020-06-30,212
K250A,EXP,2020-06-30,0
K250A,DOM,2020-07-31,205
K250A,EXP,2020-07-31,159
K250A,DOM,2020-08-31,204
K250A,EXP,2020-08-31,0
K250A,DOM,2020-09-30,217
K250A,EXP,2020-09-30,0
K250A,DOM,2020-10-31,179
K250A,EXP,2020-10-31,139
K250A,DOM,2020-11-30,341
K250A,EXP,2020-11-30,0
K250A,DOM,2020-12-31,151
K250A,EXP,2020-12-31,117
K250A,DOM,2021-01-31,275
K250A,EXP,2021-01-31,0
K250A,DOM,2021-02-28,602
K250A,EXP,2021-02-28,0
K250A,DOM,2021-03-31,278
K250A,EXP,2021-03-31,0
K250A,DOM,2021-04-30,139
K250A,EXP,2021-04-30,108
K250A,DOM,2021-05-31,197
K250A,EXP,2021-05-31,153
K250A,DOM,2021-06-30,359
K250A,EXP,2021-06-30,0
K250A,DOM,2021-07-31,163
K250A,EXP,2021-07-31,127
K250A,DOM,2021-08-31,136
K250A,EXP,2021-08-31,106
K250A,DOM,2021-09-30,111
K250A,EXP,2021-09-30,86
K250A,DOM,2021-10-31,187
K250A,EXP,2021-10-31,144
K250A,DOM,2021-11-30,205
K250A,EXP,2021-11-30,0
K250A,DOM,2021-12-31,211
K250A,EXP,2021-12-31,0
K250A,DOM,2022-01-31,191
K250A,EXP,2022-01-31,0
K250A,DOM,2022-02-28,137
K250A,EXP,2022-02-28,106
K250A,DOM,2022-03-31,160
K250A,EXP,2022-03-31,123
K250A,DOM,2022-04-30,274
K250A,EXP,2022-04-30,0
K250A,DOM,2022-05-31,134
K250A,EXP,2022-05-31,104
K250A,DOM,2022-06-30,86
K250A,EXP,2022-06-30,67
K250A,DOM,2022-07-31,249
K250A,EXP,2022-07-31,0
K250A,DOM,2022-08-31,181
K250A,EXP,2022-08-31,0
K250A,DOM,2022-09-30,148
K250A,EXP,2022-09-30,115
K250A,DOM,2022-10-31,312
K250A,EXP,2022-10-31,0
K250A,DOM,2022-11-30,176
K250A,EXP,2022-11-30,0
K250A,DOM,2022-12-31,359
K250A,EXP,2022-12-31,0
K250A,DOM,2023-01-31,231
K250A,EXP,2023-01-31,0
K250A,DOM,2023-02-28,162
K250A,EXP,2023-02-28,126
K250A,DOM,2023-03-31,189
K250A,EXP,2023-03-31,146
K250A,DOM,2023-04-30,288
K250A,EXP,2023-04-30,0
K250A,DOM,2023-05-31,245
K250A,EXP,2023-05-31,0
K250A,DOM,2023-06-30,199
K250A,EXP,2023-06-30,0
K250A,DOM,2023-07-31,309
K250A,EXP,2023-07-31,0
K250A,DOM,2023-08-31,126
K250A,EXP,2023-08-31,97
K250A,DOM,2023-09-30,47
K250A,EXP,2023-09-30,264
K250A,DOM,2023-10-31,398
K250A,EXP,2023-10-31,0
K250A,DOM,2023-11-30,215
K250A,EXP,2023-11-30,0
K250A,DOM,2023-12-31,116
K250A,EXP,2023-12-31,90
K250A,DOM,2024-01-31,131
K250A,EXP,2024-01-31,101
K250A,DOM,2024-02-29,156
K250A,EXP,2024-02-29,121
K250A,DOM,2024-03-31,213
K250A,EXP,2024-03-31,0
K250A,DOM,2024-04-30,36
K250A,EXP,2024-04-30,203
K250A,DOM,2024-05-31,131
K250A,EXP,2024-05-31,102
K250A,DOM,2024-06-30,238
K250A,EXP,2024-06-30,0
K250A,DOM,2024-07-31,151
K250A,EXP,2024-07-31,117
K250A,DOM,2024-08-31,209
K250A,EXP,2024-08-31,162
K250A,DOM,2024-09-30,233
K250A,EXP,2024-09-30,180
K250A,DOM,2024-10-31,157
K250A,EXP,2024-10-31,121
K250A,DOM,2024-11-30,94
K250A,EXP,2024-11-30,73
K250A,DOM,2024-12-31,112
K250A,EXP,2024-12-31,87
K250A,DOM,2025-01-31,117
K250A,EXP,2025-01-31,90
K250A,DOM,2025-02-28,171
K250A,EXP,2025-02-28,133
K250A,DOM,2025-03-31,170
K250A,EXP,2025-03-31,0
K250A,DOM,2025-04-30,105
K250A,EXP,2025-04-30,81
K250A,DOM,2025-05-31,286
K250A,EXP,2025-05-31,0
K250A,DOM,2025-06-30,187
K250A,EXP,2025-06-30,0
K250A,DOM,2025-07-31,281
K250A,EXP,2025-07-31,0
K250A,DOM,2025-08-31,149
K250A,EXP,2025-08-31,115
K250A,DOM,2025-09-30,185
K250A,EXP,2025-09-30,144
K250A,DOM,2025-10-31,238
K250A,EXP,2025-10-31,0
K250A,DOM,2025-11-30,145
K250A,EXP,2025-11-30,112
K250A,DOM,2025-12-31,183
K250A,EXP,2025-12-31,0
K250A,DOM,2026-01-31,130
K250A,EXP,2026-01-31,101
K250A,DOM,2026-02-28,238
K250A,EXP,2026-02-28,0
K250A,DOM,2026-03-31,160
K250A,EXP,2026-03-31,123
K250A,DOM,2026-04-30,229
K250A,EXP,2026-04-30,0
K250A,DOM,2026-05-31,161
K250A,EXP,2026-05-31,125
K250A,DOM,2026-06-30,102
K250A,EXP,2026-06-30,79
K250A,DOM,2026-07-31,147
K250A,EXP,2026-07-31,114
K250B,DOM,2020-01-31,50
K250B,DOM,2020-02-29,132
K250B,DOM,2020-03-31,33
K250B,DOM,2020-04-30,48
K250B,DOM,2020-05-31,47
K250B,DOM,2020-06-30,37
K250B,DOM,2020-07-31,62
K250B,DOM,2020-08-31,48
K250B,DOM,2020-09-30,27
K250B,DOM,2020-10-31,101
K250B,DOM,2020-11-30,51
K250B,DOM,2020-12-31,54
K250B,DOM,2021-01-31,38
K250B,DOM,2021-02-28,37
K250B,DOM,2021-03-31,54
K250B,DOM,2021-04-30,32
K250B,DOM,2021-05-31,73
K250B,DOM,2021-06-30,46
K250B,DOM,2021-07-31,132
K250B,DOM,2021-08-31,117
K250B,DOM,2021-09-30,93
K250B,DOM,2021-10-31,173
K250B,DOM,2021-11-30,59
K250B,DOM,2021-12-31,66
K250B,DOM,2022-01-31,52
K250B,DOM,2022-02-28,51
K250B,DOM,2022-03-31,43
K250B,DOM,2022-04-30,58
K250B,DOM,2022-05-31,29
K250B,DOM,2022-06-30,156
K250B,DOM,2022-07-31,33
K250B,DOM,2022-08-31,36
K250B,DOM,2022-09-30,100
K250B,DOM,2022-10-31,48
K250B,DOM,2022-11-30,63
K250B,DOM,2022-12-31,88
K250B,DOM,2023-01-31,26
K250B,DOM,2023-02-28,22
K250B,DOM,2023-03-31,40
K250B,DOM,2023-04-30,33
K250B,DOM,2023-05-31,19
K250B,DOM,2023-06-30,92
K250B,DOM,2023-07-31,25
K250B,DOM,2023-08-31,63
K250B,DOM,2023-09-30,39
K250B,DOM,2023-10-31,100
K250B,DOM,2023-11-30,20
K250B,DOM,2023-12-31,52
K250B,DOM,2024-01-31,67
K250B,DOM,2024-02-29,62
K250B,DOM,2024-03-31,47
K250B,DOM,2024-04-30,118
K250B,DOM,2024-05-31,111
K250B,DOM,2024-06-30,65
K250B,DOM,2024-07-31,30
K250B,DOM,2024-08-31,53
K250B,DOM,2024-09-30,58
K250B,DOM,2024-10-31,111
K250B,DOM,2024-11-30,83
K250B,DOM,2024-12-31,67
K250B,DOM,2025-01-31,29
K250B,DOM,2025-02-28,50
K250B,DOM,2025-03-31,68
K250B,DOM,2025-04-30,67
K250B,DOM,2025-05-31,147
K250B,DOM,2025-06-30,64
K250B,DOM,2025-07-31,28
K250B,DOM,2025-08-31,28
K250B,DOM,2025-09-30,29
K250B,DOM,2025-10-31,43
K250B,DOM,2025-11-30,74
K250B,DOM,2025-12-31,154
K250B,DOM,2026-01-31,67
K250B,DOM,2026-02-28,70
K250B,DOM,2026-03-31,70
K250B,DOM,2026-04-30,40
K250B,DOM,2026-05-31,70
K250B,DOM,2026-06-30,78
K250B,DOM,2026-07-31,57
K310,DOM,2020-01-31,523
K310,EXP,2020-01-31,628
K310,DOM,2020-02-29,1230
K310,EXP,2020-02-29,0
K310,DOM,2020-03-31,631
K310,EXP,2020-03-31,758
K310,DOM,2020-04-30,1628
K310,EXP,2020-04-30,0
K310,DOM,2020-05-31,984
K310,EXP,2020-05-31,0
K310,DOM,2020-06-30,573
K310,EXP,2020-06-30,687
K310,DOM,2020-07-31,365
K310,EXP,2020-07-31,438
K310,DOM,2020-08-31,477
K310,EXP,2020-08-31,573
K310,DOM,2020-09-30,885
K310,EXP,2020-09-30,1063
K310,DOM,2020-10-31,477
K310,EXP,2020-10-31,572
K310,DOM,2020-11-30,724
K310,EXP,2020-11-30,0
K310,DOM,2020-12-31,505
K310,EXP,2020-12-31,607
K310,DOM,2021-01-31,498
K310,EXP,2021-01-31,598
K310,DOM,2021-02-28,916
K310,EXP,2021-02-28,0
K310,DOM,2021-03-31,1028
K310,EXP,2021-03-31,0
K310,DOM,2021-04-30,842
K310,EXP,2021-04-30,0
K310,DOM,2021-05-31,810
K310,EXP,2021-05-31,0
K310,DOM,2021-06-30,663
K310,EXP,2021-06-30,0
K310,DOM,2021-07-31,490
K310,EXP,2021-07-31,588
K310,DOM,2021-08-31,469
K310,EXP,2021-08-31,562
K310,DOM,2021-09-30,824
K310,EXP,2021-09-30,0
K310,DOM,2021-10-31,246
K310,EXP,2021-10-31,295
K310,DOM,2021-11-30,1938
K310,EXP,2021-11-30,0
K310,DOM,2021-12-31,1517
K310,EXP,2021-12-31,0
K310,DOM,2022-01-31,2665
K310,EXP,2022-01-31,0
K310,DOM,2022-02-28,1279
K310,EXP,2022-02-28,1535
K310,DOM,2022-03-31,420
K310,EXP,2022-03-31,505
K310,DOM,2022-04-30,789
K310,EXP,2022-04-30,0
K310,DOM,2022-05-31,327
K310,EXP,2022-05-31,393
K310,DOM,2022-06-30,1484
K310,EXP,2022-06-30,0
K310,DOM,2022-07-31,1309
K310,EXP,2022-07-31,1571
K310,DOM,2022-08-31,441
K310,EXP,2022-08-31,530
K310,DOM,2022-09-30,566
K310,EXP,2022-09-30,680
K310,DOM,2022-10-31,858
K310,EXP,2022-10-31,0
K310,DOM,2022-11-30,821
K310,EXP,2022-11-30,985
K310,DOM,2022-12-31,504
K310,EXP,2022-12-31,604
K310,DOM,2023-01-31,647
K310,EXP,2023-01-31,776
K310,DOM,2023-02-28,1294
K310,EXP,2023-02-28,1552
K310,DOM,2023-03-31,874
K310,EXP,2023-03-31,1048
K310,DOM,2023-04-30,1450
K310,EXP,2023-04-30,1741
K310,DOM,2023-05-31,529
K310,EXP,2023-05-31,634
K310,DOM,2023-06-30,1668
K310,EXP,2023-06-30,0
K310,DOM,2023-07-31,1261
K310,EXP,2023-07-31,0
K310,DOM,2023-08-31,425
K310,EXP,2023-08-31,509
K310,DOM,2023-09-30,1482
K310,EXP,2023-09-30,0
K310,DOM,2023-10-31,848
K310,EXP,2023-10-31,0
K310,DOM,2023-11-30,1248
K310,EXP,2023-11-30,0
K310,DOM,2023-12-31,1035
K310,EXP,2023-12-31,1243
K310,DOM,2024-01-31,262
K310,EXP,2024-01-31,315
K310,DOM,2024-02-29,525
K310,EXP,2024-02-29,629
K310,DOM,2024-03-31,118
K310,EXP,2024-03-31,667
K310,DOM,2024-04-30,710
K310,EXP,2024-04-30,0
K310,DOM,2024-05-31,217
K310,EXP,2024-05-31,261
K310,DOM,2024-06-30,903
K310,EXP,2024-06-30,0
K310,DOM,2024-07-31,257
K310,EXP,2024-07-31,308
K310,DOM,2024-08-31,1443
K310,EXP,2024-08-31,0
K310,DOM,2024-09-30,468
K310,EXP,2024-09-30,562
K310,DOM,2024-10-31,854
K310,EXP,2024-10-31,1024
K310,DOM,2024-11-30,570
K310,EXP,2024-11-30,683
K310,DOM,2024-12-31,980
K310,EXP,2024-12-31,1175
K310,DOM,2025-01-31,386
K310,EXP,2025-01-31,463
K310,DOM,2025-02-28,512
K310,EXP,2025-02-28,615
K310,DOM,2025-03-31,885
K310,EXP,2025-03-31,1061
K310,DOM,2025-04-30,1259
K310,EXP,2025-04-30,0
K310,DOM,2025-05-31,171
K310,EXP,2025-05-31,970
K310,DOM,2025-06-30,698
K310,EXP,2025-06-30,838
K310,DOM,2025-07-31,222
K310,EXP,2025-07-31,1258
K310,DOM,2025-08-31,1599
K310,EXP,2025-08-31,0
K310,DOM,2025-09-30,1165
K310,EXP,2025-09-30,0
K310,DOM,2025-10-31,794
K310,EXP,2025-10-31,953
K310,DOM,2025-11-30,1819
K310,EXP,2025-11-30,0
K310,DOM,2025-12-31,561
K310,EXP,2025-12-31,674
K310,DOM,2026-01-31,457
K310,EXP,2026-01-31,548
K310,DOM,2026-02-28,430
K310,EXP,2026-02-28,515
K310,DOM,2026-03-31,1202
K310,EXP,2026-03-31,1442
K310,DOM,2026-04-30,1443
K310,EXP,2026-04-30,0
K310,DOM,2026-05-31,610
K310,EXP,2026-05-31,733
K310,DOM,2026-06-30,473
K310,EXP,2026-06-30,568
K310,DOM,2026-07-31,1354
K310,EXP,2026-07-31,0
K311,DOM,2020-01-31,110
K311,EXP,2020-01-31,0
K311,DOM,2020-02-29,103
K311,EXP,2020-02-29,0
K311,DOM,2020-03-31,92
K311,EXP,2020-03-31,0
K311,DOM,2020-04-30,39
K311,EXP,2020-04-30,35
K311,DOM,2020-05-31,77
K311,EXP,2020-05-31,0
K311,DOM,2020-06-30,100
K311,EXP,2020-06-30,0
K311,DOM,2020-07-31,37
K311,EXP,2020-07-31,34
K311,DOM,2020-08-31,87
K311,EXP,2020-08-31,0
K311,DOM,2020-09-30,19
K311,EXP,2020-09-30,106
K311,DOM,2020-10-31,41
K311,EXP,2020-10-31,37
K311,DOM,2020-11-30,93
K311,EXP,2020-11-30,0
K311,DOM,2020-12-31,93
K311,EXP,2020-12-31,0
K311,DOM,2021-01-31,33
K311,EXP,2021-01-31,30
K311,DOM,2021-02-28,62
K311,EXP,2021-02-28,56
K311,DOM,2021-03-31,80
K311,EXP,2021-03-31,0
K311,DOM,2021-04-30,52
K311,EXP,2021-04-30,46
K311,DOM,2021-05-31,57
K311,EXP,2021-05-31,52
K311,DOM,2021-06-30,94
K311,EXP,2021-06-30,0
K311,DOM,2021-07-31,46
K311,EXP,2021-07-31,41
K311,DOM,2021-08-31,35
K311,EXP,2021-08-31,32
K311,DOM,2021-09-30,126
K311,EXP,2021-09-30,0
K311,DOM,2021-10-31,107
K311,EXP,2021-10-31,0
K311,DOM,2021-11-30,55
K311,EXP,2021-11-30,50
K311,DOM,2021-12-31,93
K311,EXP,2021-12-31,0
K311,DOM,2022-01-31,111
K311,EXP,2022-01-31,0
K311,DOM,2022-02-28,58
K311,EXP,2022-02-28,52
K311,DOM,2022-03-31,63
K311,EXP,2022-03-31,0
K311,DOM,2022-04-30,87
K311,EXP,2022-04-30,0
K311,DOM,2022-05-31,36
K311,EXP,2022-05-31,32
K311,DOM,2022-06-30,37
K311,EXP,2022-06-30,33
K311,DOM,2022-07-31,51
K311,EXP,2022-07-31,46
K311,DOM,2022-08-31,39
K311,EXP,2022-08-31,35
K311,DOM,2022-09-30,97
K311,EXP,2022-09-30,0
K311,DOM,2022-10-31,135
K311,EXP,2022-10-31,0
K311,DOM,2022-11-30,99
K311,EXP,2022-11-30,0
K311,DOM,2022-12-31,149
K311,EXP,2022-12-31,0
K311,DOM,2023-01-31,55
K311,EXP,2023-01-31,50
K311,DOM,2023-02-28,55
K311,EXP,2023-02-28,49
K311,DOM,2023-03-31,58
K311,EXP,2023-03-31,52
K311,DOM,2023-04-30,83
K311,EXP,2023-04-30,0
K311,DOM,2023-05-31,19
K311,EXP,2023-05-31,106
K311,DOM,2023-06-30,57
K311,EXP,2023-06-30,51
K311,DOM,2023-07-31,21
K311,EXP,2023-07-31,118
K311,DOM,2023-08-31,36
K311,EXP,2023-08-31,32
K311,DOM,2023-09-30,15
K311,EXP,2023-09-30,88
K311,DOM,2023-10-31,40
K311,EXP,2023-10-31,36
K311,DOM,2023-11-30,84
K311,EXP,2023-11-30,0
K311,DOM,2023-12-31,42
K311,EXP,2023-12-31,37
K311,DOM,2024-01-31,59
K311,EXP,2024-01-31,52
K311,DOM,2024-02-29,12
K311,EXP,2024-02-29,70
K311,DOM,2024-03-31,100
K311,EXP,2024-03-31,0
K311,DOM,2024-04-30,62
K311,EXP,2024-04-30,56
K311,DOM,2024-05-31,112
K311,EXP,2024-05-31,0
K311,DOM,2024-06-30,57
K311,EXP,2024-06-30,51
K311,DOM,2024-07-31,113
K311,EXP,2024-07-31,0
K311,DOM,2024-08-31,52
K311,EXP,2024-08-31,47
K311,DOM,2024-09-30,58
K311,EXP,2024-09-30,52
K311,DOM,2024-10-31,42
K311,EXP,2024-10-31,38
K311,DOM,2024-11-30,93
K311,EXP,2024-11-30,0
K311,DOM,2024-12-31,55
K311,EXP,2024-12-31,49
K311,DOM,2025-01-31,109
K311,EXP,2025-01-31,0
K311,DOM,2025-02-28,37
K311,EXP,2025-02-28,34
K311,DOM,2025-03-31,82
K311,EXP,2025-03-31,0
K311,DOM,2025-04-30,109
K311,EXP,2025-04-30,0
K311,DOM,2025-05-31,90
K311,EXP,2025-05-31,0
K311,DOM,2025-06-30,34
K311,EXP,2025-06-30,30
K311,DOM,2025-07-31,87
K311,EXP,2025-07-31,0
K311,DOM,2025-08-31,54
K311,EXP,2025-08-31,49
K311,DOM,2025-09-30,61
K311,EXP,2025-09-30,0
K311,DOM,2025-10-31,124
K311,EXP,2025-10-31,0
K311,DOM,2025-11-30,60
K311,EXP,2025-11-30,53
K311,DOM,2025-12-31,69
K311,EXP,2025-12-31,61
K311,DOM,2026-01-31,52
K311,EXP,2026-01-31,47
K311,DOM,2026-02-28,117
K311,EXP,2026-02-28,0
K311,DOM,2026-03-31,162
K311,EXP,2026-03-31,0
K311,DOM,2026-04-30,55
K311,EXP,2026-04-30,50
K311,DOM,2026-05-31,101
K311,EXP,2026-05-31,0
K311,DOM,2026-06-30,90
K311,EXP,2026-06-30,0
K311,DOM,2026-07-31,49
K311,EXP,2026-07-31,44
K312,DOM,2020-01-31,11
K312,EXP,2020-01-31,5
K312,DOM,2020-02-29,29
K312,EXP,2020-02-29,0
K312,DOM,2020-03-31,24
K312,EXP,2020-03-31,0
K312,DOM,2020-04-30,9
K312,EXP,2020-04-30,4
K312,DOM,2020-05-31,52
K312,EXP,2020-05-31,0
K312,DOM,2020-06-30,7
K312,EXP,2020-06-30,3
K312,DOM,2020-07-31,9
K312,EXP,2020-07-31,5
K312,DOM,2020-08-31,2
K312,EXP,2020-08-31,13
K312,DOM,2020-09-30,13
K312,EXP,2020-09-30,6
K312,DOM,2020-10-31,11
K312,EXP,2020-10-31,6
K312,DOM,2020-11-30,28
K312,EXP,2020-11-30,0
K312,DOM,2020-12-31,16
K312,EXP,2020-12-31,8
K312,DOM,2021-01-31,13
K312,EXP,2021-01-31,0
K312,DOM,2021-02-28,18
K312,EXP,2021-02-28,0
K312,DOM,2021-03-31,38
K312,EXP,2021-03-31,0
K312,DOM,2021-04-30,34
K312,EXP,2021-04-30,0
K312,DOM,2021-05-31,19
K312,EXP,2021-05-31,0
K312,DOM,2021-06-30,36
K312,EXP,2021-06-30,0
K312,DOM,2021-07-31,13
K312,EXP,2021-07-31,7
K312,DOM,2021-08-31,16
K312,EXP,2021-08-31,8
K312,DOM,2021-09-30,4
K312,EXP,2021-09-30,24
K312,DOM,2021-10-31,29
K312,EXP,2021-10-31,0
K312,DOM,2021-11-30,12
K312,EXP,2021-11-30,6
K312,DOM,2021-12-31,15
K312,EXP,2021-12-31,0
K312,DOM,2022-01-31,11
K312,EXP,2022-01-31,0
K312,DOM,2022-02-28,10
K312,EXP,2022-02-28,5
K312,DOM,2022-03-31,18
K312,EXP,2022-03-31,0
K312,DOM,2022-04-30,39
K312,EXP,2022-04-30,0
K312,DOM,2022-05-31,14
K312,EXP,2022-05-31,7
K312,DOM,2022-06-30,13
K312,EXP,2022-06-30,0
K312,DOM,2022-07-31,19
K312,EXP,2022-07-31,0
K312,DOM,2022-08-31,15
K312,EXP,2022-08-31,7
K312,DOM,2022-09-30,31
K312,EXP,2022-09-30,0
K312,DOM,2022-10-31,11
K312,EXP,2022-10-31,6
K312,DOM,2022-11-30,6
K312,EXP,2022-11-30,3
K312,DOM,2022-12-31,5
K312,EXP,2022-12-31,30
K312,DOM,2023-01-31,29
K312,EXP,2023-01-31,0
K312,DOM,2023-02-28,12
K312,EXP,2023-02-28,6
K312,DOM,2023-03-31,20
K312,EXP,2023-03-31,0
K312,DOM,2023-04-30,4
K312,EXP,2023-04-30,22
K312,DOM,2023-05-31,29
K312,EXP,2023-05-31,0
K312,DOM,2023-06-30,15
K312,EXP,2023-06-30,8
K312,DOM,2023-07-31,30
K312,EXP,2023-07-31,0
K312,DOM,2023-08-31,18
K312,EXP,2023-08-31,0
K312,DOM,2023-09-30,31
K312,EXP,2023-09-30,0
K312,DOM,2023-10-31,9
K312,EXP,2023-10-31,0
K312,DOM,2023-11-30,9
K312,EXP,2023-11-30,5
K312,DOM,2023-12-31,12
K312,EXP,2023-12-31,6
K312,DOM,2024-01-31,22
K312,EXP,2024-01-31,0
K312,DOM,2024-02-29,29
K312,EXP,2024-02-29,0
K312,DOM,2024-03-31,11
K312,EXP,2024-03-31,5
K312,DOM,2024-04-30,8
K312,EXP,2024-04-30,4
K312,DOM,2024-05-31,12
K312,EXP,2024-05-31,6
K312,DOM,2024-06-30,8
K312,EXP,2024-06-30,4
K312,DOM,2024-07-31,11
K312,EXP,2024-07-31,5
K312,DOM,2024-08-31,20
K312,EXP,2024-08-31,0
K312,DOM,2024-09-30,13
K312,EXP,2024-09-30,7
K312,DOM,2024-10-31,9
K312,EXP,2024-10-31,4
K312,DOM,2024-11-30,15
K312,EXP,2024-11-30,7
K312,DOM,2024-12-31,17
K312,EXP,2024-12-31,8
K312,DOM,2025-01-31,9
K312,EXP,2025-01-31,5
K312,DOM,2025-02-28,11
K312,EXP,2025-02-28,0
K312,DOM,2025-03-31,17
K312,EXP,2025-03-31,0
K312,DOM,2025-04-30,21
K312,EXP,2025-04-30,10
K312,DOM,2025-05-31,17
K312,EXP,2025-05-31,0
K312,DOM,2025-06-30,11
K312,EXP,2025-06-30,5
K312,DOM,2025-07-31,17
K312,EXP,2025-07-31,9
K312,DOM,2025-08-31,7
K312,EXP,2025-08-31,24
K312,DOM,2025-09-30,37
K312,EXP,2025-09-30,0
K312,DOM,2025-10-31,12
K312,EXP,2025-10-31,6
K312,DOM,2025-11-30,11
K312,EXP,2025-11-30,6
K312,DOM,2025-12-31,17
K312,EXP,2025-12-31,8
K312,DOM,2026-01-31,20
K312,EXP,2026-01-31,9
K312,DOM,2026-02-28,17
K312,EXP,2026-02-28,9
K312,DOM,2026-03-31,9
K312,EXP,2026-03-31,4
K312,DOM,2026-04-30,25
K312,EXP,2026-04-30,0
K312,DOM,2026-05-31,4
K312,EXP,2026-05-31,22
K312,DOM,2026-06-30,10
K312,EXP,2026-06-30,5
K312,DOM,2026-07-31,22
K312,EXP,2026-07-31,0
K350A,DOM,2020-01-31,9
K350A,DOM,2020-02-29,11
K350A,DOM,2020-03-31,8
K350A,DOM,2020-04-30,9
K350A,DOM,2020-05-31,8
K350A,DOM,2020-06-30,10
K350A,DOM,2020-07-31,8
K350A,DOM,2020-08-31,7
K350A,DOM,2020-09-30,7
K350A,DOM,2020-10-31,6
K350A,DOM,2020-11-30,6
K350A,DOM,2020-12-31,13
K350A,DOM,2021-01-31,6
K350A,DOM,2021-02-28,5
K350A,DOM,2021-03-31,15
K350A,DOM,2021-04-30,6
K350A,DOM,2021-05-31,5
K350A,DOM,2021-06-30,7
K350A,DOM,2021-07-31,11
K350A,DOM,2021-08-31,5
K350A,DOM,2021-09-30,9
K350A,DOM,2021-10-31,10
K350A,DOM,2021-11-30,8
K350A,DOM,2021-12-31,13
K350A,DOM,2022-01-31,6
K350A,DOM,2022-02-28,7
K350A,DOM,2022-03-31,14
K350A,DOM,2022-04-30,9
K350A,DOM,2022-05-31,10
K350A,DOM,2022-06-30,7
K350A,DOM,2022-07-31,6
K350A,DOM,2022-08-31,7
K350A,DOM,2022-09-30,5
K350A,DOM,2022-10-31,8
K350A,DOM,2022-11-30,11
K350A,DOM,2022-12-31,12
K350A,DOM,2023-01-31,10
K350A,DOM,2023-02-28,9
K350A,DOM,2023-03-31,10
K350A,DOM,2023-04-30,16
K350A,DOM,2023-05-31,8
K350A,DOM,2023-06-30,8
K350A,DOM,2023-07-31,14
K350A,DOM,2023-08-31,10
K350A,DOM,2023-09-30,6
K350A,DOM,2023-10-31,8
K350A,DOM,2023-11-30,8
K350A,DOM,2023-12-31,7
K350A,DOM,2024-01-31,5
K350A,DOM,2024-02-29,7
K350A,DOM,2024-03-31,9
K350A,DOM,2024-04-30,10
K350A,DOM,2024-05-31,16
K350A,DOM,2024-06-30,18
K350A,DOM,2024-07-31,10
K350A,DOM,2024-08-31,9
K350A,DOM,2024-09-30,9
K350A,DOM,2024-10-31,5
K350A,DOM,2024-11-30,10
K350A,DOM,2024-12-31,8
K350A,DOM,2025-01-31,8
K350A,DOM,2025-02-28,8
K350A,DOM,2025-03-31,11
K350A,DOM,2025-04-30,8
K350A,DOM,2025-05-31,12
K350A,DOM,2025-06-30,11
K350A,DOM,2025-07-31,16
K350A,DOM,2025-08-31,12
K350A,DOM,2025-09-30,9
K350A,DOM,2025-10-31,10
K350A,DOM,2025-11-30,8
K350A,DOM,2025-12-31,7
K350A,DOM,2026-01-31,7
K350A,DOM,2026-02-28,11
K350A,DOM,2026-03-31,10
K350A,DOM,2026-04-30,10
K350A,DOM,2026-05-31,7
K350A,DOM,2026-06-30,11
K350A,DOM,2026-07-31,16
K350B,DOM,2020-01-31,1
K350B,DOM,2020-02-29,1
K350B,DOM,2020-03-31,1
K350B,DOM,2020-04-30,1
K350B,DOM,2020-05-31,2
K350B,DOM,2020-06-30,2
K350B,DOM,2020-07-31,3
K350B,DOM,2020-08-31,1
K350B,DOM,2020-09-30,2
K350B,DOM,2020-10-31,1
K350B,DOM,2020-11-30,3
K350B,DOM,2020-12-31,3
K350B,DOM,2021-01-31,2
K350B,DOM,2021-02-28,2
K350B,DOM,2021-03-31,3
K350B,DOM,2021-04-30,2
K350B,DOM,2021-05-31,1
K350B,DOM,2021-06-30,4
K350B,DOM,2021-07-31,2
K350B,DOM,2021-08-31,1
K350B,DOM,2021-09-30,3
K350B,DOM,2021-10-31,3
K350B,DOM,2021-11-30,1
K350B,DOM,2021-12-31,1
K350B,DOM,2022-01-31,1
K350B,DOM,2022-02-28,1
K350B,DOM,2022-03-31,3
K350B,DOM,2022-04-30,2
K350B,DOM,2022-05-31,3
K350B,DOM,2022-06-30,2
K350B,DOM,2022-07-31,4
K350B,DOM,2022-08-31,2
K350B,DOM,2022-09-30,2
K350B,DOM,2022-10-31,2
K350B,DOM,2022-11-30,2
K350B,DOM,2022-12-31,3
K350B,DOM,2023-01-31,3
K350B,DOM,2023-02-28,3
K350B,DOM,2023-03-31,4
K350B,DOM,2023-04-30,3
K350B,DOM,2023-05-31,2
K350B,DOM,2023-06-30,1
K350B,DOM,2023-07-31,5
K350B,DOM,2023-08-31,2
K350B,DOM,2023-09-30,4
K350B,DOM,2023-10-31,1
K350B,DOM,2023-11-30,2
K350B,DOM,2023-12-31,2
K350B,DOM,2024-01-31,2
K350B,DOM,2024-02-29,3
K350B,DOM,2024-03-31,2
K350B,DOM,2024-04-30,6
K350B,DOM,2024-05-31,5
K350B,DOM,2024-06-30,4
K350B,DOM,2024-07-31,2
K350B,DOM,2024-08-31,2
K350B,DOM,2024-09-30,4
K350B,DOM,2024-10-31,3
K350B,DOM,2024-11-30,2
K350B,DOM,2024-12-31,2
K350B,DOM,2025-01-31,2
K350B,DOM,2025-02-28,1
K350B,DOM,2025-03-31,1
K350B,DOM,2025-04-30,3
K350B,DOM,2025-05-31,2
K350B,DOM,2025-06-30,1
K350B,DOM,2025-07-31,2
K350B,DOM,2025-08-31,2
K350B,DOM,2025-09-30,1
K350B,DOM,2025-10-31,1
K350B,DOM,2025-11-30,2
K350B,DOM,2025-12-31,3
K350B,DOM,2026-01-31,2
K350B,DOM,2026-02-28,1
K350B,DOM,2026-03-31,3
K350B,DOM,2026-04-30,2
K350B,DOM,2026-05-31,2
K350B,DOM,2026-06-30,2
K350B,DOM,2026-07-31,3
K350C,DOM,2020-01-31,11
K350C,DOM,2020-02-29,6
K350C,DOM,2020-03-31,9
K350C,DOM,2020-04-30,11
K350C,DOM,2020-05-31,13
K350C,DOM,2020-06-30,11
K350C,DOM,2020-07-31,7
K350C,DOM,2020-08-31,9
K350C,DOM,2020-09-30,6
K350C,DOM,2020-10-31,10
K350C,DOM,2020-11-30,0
K350C,DOM,2020-12-31,21
K350C,DOM,2021-01-31,18
K350C,DOM,2021-02-28,12
K350C,DOM,2021-03-31,6
K350C,DOM,2021-04-30,8
K350C,DOM,2021-05-31,11
K350C,DOM,2021-06-30,5
K350C,DOM,2021-07-31,4
K350C,DOM,2021-08-31,17
K350C,DOM,2021-09-30,21
K350C,DOM,2021-10-31,12
K350C,DOM,2021-11-30,5
K350C,DOM,2021-12-31,12
K350C,DOM,2022-01-31,18
K350C,DOM,2022-02-28,11
K350C,DOM,2022-03-31,23
K350C,DOM,2022-04-30,11
K350C,DOM,2022-05-31,15
K350C,DOM,2022-06-30,10
K350C,DOM,2022-07-31,18
K350C,DOM,2022-08-31,10
K350C,DOM,2022-09-30,7
K350C,DOM,2022-10-31,16
K350C,DOM,2022-11-30,8
K350C,DOM,2022-12-31,26
K350C,DOM,2023-01-31,16
K350C,DOM,2023-02-28,9
K350C,DOM,2023-03-31,14
K350C,DOM,2023-04-30,13
K350C,DOM,2023-05-31,25
K350C,DOM,2023-06-30,12
K350C,DOM,2023-07-31,13
K350C,DOM,2023-08-31,6
K350C,DOM,2023-09-30,12
K350C,DOM,2023-10-31,15
K350C,DOM,2023-11-30,7
K350C,DOM,2023-12-31,6
K350C,DOM,2024-01-31,10
K350C,DOM,2024-02-29,8
K350C,DOM,2024-03-31,16
K350C,DOM,2024-04-30,15
K350C,DOM,2024-05-31,10
K350C,DOM,2024-06-30,12
K350C,DOM,2024-07-31,7
K350C,DOM,2024-08-31,33
K350C,DOM,2024-09-30,11
K350C,DOM,2024-10-31,10
K350C,DOM,2024-11-30,29
K350C,DOM,2024-12-31,10
K350C,DOM,2025-01-31,13
K350C,DOM,2025-02-28,15
K350C,DOM,2025-03-31,15
K350C,DOM,2025-04-30,15
K350C,DOM,2025-05-31,16
K350C,DOM,2025-06-30,9
K350C,DOM,2025-07-31,7
K350C,DOM,2025-08-31,14
K350C,DOM,2025-09-30,12
K350C,DOM,2025-10-31,8
K350C,DOM,2025-11-30,17
K350C,DOM,2025-12-31,14
K350C,DOM,2026-01-31,12
K350C,DOM,2026-02-28,14
K350C,DOM,2026-03-31,15
K350C,DOM,2026-04-30,8
K350C,DOM,2026-05-31,3
K350C,DOM,2026-06-30,9
K350C,DOM,2026-07-31,7
K350D,DOM,2020-01-31,4
K350D,DOM,2020-02-29,7
K350D,DOM,2020-03-31,5
K350D,DOM,2020-04-30,11
K350D,DOM,2020-05-31,9
K350D,DOM,2020-06-30,11
K350D,DOM,2020-07-31,7
K350D,DOM,2020-08-31,14
K350D,DOM,2020-09-30,14
K350D,DOM,2020-10-31,10
K350D,DOM,2020-11-30,14
K350D,DOM,2020-12-31,7
K350D,DOM,2021-01-31,18
K350D,DOM,2021-02-28,11
K350D,DOM,2021-03-31,10
K350D,DOM,2021-04-30,8
K350D,DOM,2021-05-31,14
K350D,DOM,2021-06-30,12
K350D,DOM,2021-07-31,6
K350D,DOM,2021-08-31,7
K350D,DOM,2021-09-30,15
K350D,DOM,2021-10-31,13
K350D,DOM,2021-11-30,4
K350D,DOM,2021-12-31,8
K350D,DOM,2022-01-31,6
K350D,DOM,2022-02-28,2
K350D,DOM,2022-03-31,10
K350D,DOM,2022-04-30,16
K350D,DOM,2022-05-31,21
K350D,DOM,2022-06-30,14
K350D,DOM,2022-07-31,14
K350D,DOM,2022-08-31,12
K350D,DOM,2022-09-30,13
K350D,DOM,2022-10-31,7
K350D,DOM,2022-11-30,21
K350D,DOM,2022-12-31,11
K350D,DOM,2023-01-31,3
K350D,DOM,2023-02-28,27
K350D,DOM,2023-03-31,36
K350D,DOM,2023-04-30,6
K350D,DOM,2023-05-31,8
K350D,DOM,2023-06-30,3
K350D,DOM,2023-07-31,12
K350D,DOM,2023-08-31,9
K350D,DOM,2023-09-30,14
K350D,DOM,2023-10-31,8
K350D,DOM,2023-11-30,23
K350D,DOM,2023-12-31,41
K350D,DOM,2024-01-31,4
K350D,DOM,2024-02-29,32
K350D,DOM,2024-03-31,9
K350D,DOM,2024-04-30,8
K350D,DOM,2024-05-31,8
K350D,DOM,2024-06-30,38
K350D,DOM,2024-07-31,4
K350D,DOM,2024-08-31,21
K350D,DOM,2024-09-30,3
K350D,DOM,2024-10-31,7
K350D,DOM,2024-11-30,14
K350D,DOM,2024-12-31,13
K350D,DOM,2025-01-31,2
K350D,DOM,2025-02-28,30
K350D,DOM,2025-03-31,5
K350D,DOM,2025-04-30,14
K350D,DOM,2025-05-31,5
K350D,DOM,2025-06-30,7
K350D,DOM,2025-07-31,8
K350D,DOM,2025-08-31,3
K350D,DOM,2025-09-30,12
K350D,DOM,2025-10-31,31
K350D,DOM,2025-11-30,6
K350D,DOM,2025-12-31,6
K350D,DOM,2026-01-31,9
K350D,DOM,2026-02-28,16
K350D,DOM,2026-03-31,9
K350D,DOM,2026-04-30,2
K350D,DOM,2026-05-31,25
K350D,DOM,2026-06-30,7
K350D,DOM,2026-07-31,4
K350E,DOM,2020-01-31,18
K350E,DOM,2020-02-29,19
K350E,DOM,2020-03-31,15
K350E,DOM,2020-04-30,11
K350E,DOM,2020-05-31,17
K350E,DOM,2020-06-30,0
K350E,DOM,2020-07-31,13
K350E,DOM,2020-08-31,0
K350E,DOM,2020-09-30,8
K350E,DOM,2020-10-31,13
K350E,DOM,2020-11-30,5
K350E,DOM,2020-12-31,14
K350E,DOM,2021-01-31,12
K350E,DOM,2021-02-28,11
K350E,DOM,2021-03-31,16
K350E,DOM,2021-04-30,15
K350E,DOM,2021-05-31,19
K350E,DOM,2021-06-30,17
K350E,DOM,2021-07-31,12
K350E,DOM,2021-08-31,21
K350E,DOM,2021-09-30,15
K350E,DOM,2021-10-31,9
K350E,DOM,2021-11-30,17
K350E,DOM,2021-12-31,17
K350E,DOM,2022-01-31,20
K350E,DOM,2022-02-28,8
K350E,DOM,2022-03-31,5
K350E,DOM,2022-04-30,23
K350E,DOM,2022-05-31,7
K350E,DOM,2022-06-30,8
K350E,DOM,2022-07-31,25
K350E,DOM,2022-08-31,15
K350E,DOM,2022-09-30,14
K350E,DOM,2022-10-31,21
K350E,DOM,2022-11-30,28
K350E,DOM,2022-12-31,15
K350E,DOM,2023-01-31,40
K350E,DOM,2023-02-28,21
K350E,DOM,2023-03-31,20
K350E,DOM,2023-04-30,8
K350E,DOM,2023-05-31,14
K350E,DOM,2023-06-30,10
K350E,DOM,2023-07-31,7
K350E,DOM,2023-08-31,14
K350E,DOM,2023-09-30,11
K350E,DOM,2023-10-31,35
K350E,DOM,2023-11-30,20
K350E,DOM,2023-12-31,10
K350E,DOM,2024-01-31,15
K350E,DOM,2024-02-29,10
K350E,DOM,2024-03-31,20
K350E,DOM,2024-04-30,9
K350E,DOM,2024-05-31,13
K350E,DOM,2024-06-30,8
K350E,DOM,2024-07-31,0
K350E,DOM,2024-08-31,11
K350E,DOM,2024-09-30,23
K350E,DOM,2024-10-31,17
K350E,DOM,2024-11-30,26
K350E,DOM,2024-12-31,21
K350E,DOM,2025-01-31,25
K350E,DOM,2025-02-28,23
K350E,DOM,2025-03-31,11
K350E,DOM,2025-04-30,17
K350E,DOM,2025-05-31,33
K350E,DOM,2025-06-30,20
K350E,DOM,2025-07-31,5
K350E,DOM,2025-08-31,15
K350E,DOM,2025-09-30,16
K350E,DOM,2025-10-31,12
K350E,DOM,2025-11-30,14
K350E,DOM,2025-12-31,13
K350E,DOM,2026-01-31,23
K350E,DOM,2026-02-28,22
K350E,DOM,2026-03-31,24
K350E,DOM,2026-04-30,14
K350E,DOM,2026-05-31,12
K350E,DOM,2026-06-30,38
K350E,DOM,2026-07-31,32
K350F,DOM,2020-01-31,0
K350F,DOM,2020-02-29,0
K350F,DOM,2020-03-31,0
K350F,DOM,2020-04-30,0
K350F,DOM,2020-05-31,0
K350F,DOM,2020-06-30,0
K350F,DOM,2020-07-31,0
K350F,DOM,2020-08-31,0
K350F,DOM,2020-09-30,0
K350F,DOM,2020-10-31,0
K350F,DOM,2020-11-30,0
K350F,DOM,2020-12-31,0
K350F,DOM,2021-01-31,5
K350F,DOM,2021-02-28,3
K350F,DOM,2021-03-31,8
K350F,DOM,2021-04-30,2
K350F,DOM,2021-05-31,3
K350F,DOM,2021-06-30,6
K350F,DOM,2021-07-31,5
K350F,DOM,2021-08-31,2
K350F,DOM,2021-09-30,6
K350F,DOM,2021-10-31,3
K350F,DOM,2021-11-30,3
K350F,DOM,2021-12-31,7
K350F,DOM,2022-01-31,6
K350F,DOM,2022-02-28,4
K350F,DOM,2022-03-31,3
K350F,DOM,2022-04-30,4
K350F,DOM,2022-05-31,3
K350F,DOM,2022-06-30,5
K350F,DOM,2022-07-31,5
K350F,DOM,2022-08-31,3
K350F,DOM,2022-09-30,2
K350F,DOM,2022-10-31,8
K350F,DOM,2022-11-30,5
K350F,DOM,2022-12-31,3
K350F,DOM,2023-01-31,7
K350F,DOM,2023-02-28,5
K350F,DOM,2023-03-31,4
K350F,DOM,2023-04-30,6
K350F,DOM,2023-05-31,5
K350F,DOM,2023-06-30,8
K350F,DOM,2023-07-31,13
K350F,DOM,2023-08-31,6
K350F,DOM,2023-09-30,2
K350F,DOM,2023-10-31,5
K350F,DOM,2023-11-30,3
K350F,DOM,2023-12-31,4
K350F,DOM,2024-01-31,3
K350F,DOM,2024-02-29,11
K350F,DOM,2024-03-31,2
K350F,DOM,2024-04-30,4
K350F,DOM,2024-05-31,9
K350F,DOM,2024-06-30,7
K350F,DOM,2024-07-31,4
K350F,DOM,2024-08-31,8
K350F,DOM,2024-09-30,4
K350F,DOM,2024-10-31,5
K350F,DOM,2024-11-30,4
K350F,DOM,2024-12-31,4
K350F,DOM,2025-01-31,3
K350F,DOM,2025-02-28,8
K350F,DOM,2025-03-31,7
K350F,DOM,2025-04-30,5
K350F,DOM,2025-05-31,8
K350F,DOM,2025-06-30,3
K350F,DOM,2025-07-31,2
K350F,DOM,2025-08-31,6
K350F,DOM,2025-09-30,5
K350F,DOM,2025-10-31,6
K350F,DOM,2025-11-30,5
K350F,DOM,2025-12-31,6
K350F,DOM,2026-01-31,3
K350F,DOM,2026-02-28,4
K350F,DOM,2026-03-31,2
K350F,DOM,2026-04-30,10
K350F,DOM,2026-05-31,4
K350F,DOM,2026-06-30,7
K350F,DOM,2026-07-31,3
T120,DOM,2020-01-31,911
T120,EXP,2020-01-31,1176
T120,DOM,2020-02-29,590
T120,EXP,2020-02-29,762
T120,DOM,2020-03-31,261
T120,EXP,2020-03-31,338
T120,DOM,2020-04-30,882
T120,EXP,2020-04-30,1140
T120,DOM,2020-05-31,404
T120,EXP,2020-05-31,522
T120,DOM,2020-06-30,226
T120,EXP,2020-06-30,291
T120,DOM,2020-07-31,505
T120,EXP,2020-07-31,0
T120,DOM,2020-08-31,399
T120,EXP,2020-08-31,0
T120,DOM,2020-09-30,286
T120,EXP,2020-09-30,369
T120,DOM,2020-10-31,453
T120,EXP,2020-10-31,585
T120,DOM,2020-11-30,294
T120,EXP,2020-11-30,0
T120,DOM,2020-12-31,584
T120,EXP,2020-12-31,754
T120,DOM,2021-01-31,487
T120,EXP,2021-01-31,630
T120,DOM,2021-02-28,542
T120,EXP,2021-02-28,699
T120,DOM,2021-03-31,504
T120,EXP,2021-03-31,652
T120,DOM,2021-04-30,995
T120,EXP,2021-04-30,0
T120,DOM,2021-05-31,573
T120,EXP,2021-05-31,0
T120,DOM,2021-06-30,683
T120,EXP,2021-06-30,0
T120,DOM,2021-07-31,136
T120,EXP,2021-07-31,176
T120,DOM,2021-08-31,152
T120,EXP,2021-08-31,863
T120,DOM,2021-09-30,199
T120,EXP,2021-09-30,256
T120,DOM,2021-10-31,302
T120,EXP,2021-10-31,0
T120,DOM,2021-11-30,397
T120,EXP,2021-11-30,513
T120,DOM,2021-12-31,290
T120,EXP,2021-12-31,374
T120,DOM,2022-01-31,1114
T120,EXP,2022-01-31,0
T120,DOM,2022-02-28,1043
T120,EXP,2022-02-28,0
T120,DOM,2022-03-31,353
T120,EXP,2022-03-31,457
T120,DOM,2022-04-30,1007
T120,EXP,2022-04-30,0
T120,DOM,2022-05-31,1181
T120,EXP,2022-05-31,0
T120,DOM,2022-06-30,617
T120,EXP,2022-06-30,796
T120,DOM,2022-07-31,610
T120,EXP,2022-07-31,0
T120,DOM,2022-08-31,318
T120,EXP,2022-08-31,410
T120,DOM,2022-09-30,938
T120,EXP,2022-09-30,0
T120,DOM,2022-10-31,159
T120,EXP,2022-10-31,902
T120,DOM,2022-11-30,2100
T120,EXP,2022-11-30,0
T120,DOM,2022-12-31,333
T120,EXP,2022-12-31,429
T120,DOM,2023-01-31,1473
T120,EXP,2023-01-31,0
T120,DOM,2023-02-28,1032
T120,EXP,2023-02-28,1332
T120,DOM,2023-03-31,1442
T120,EXP,2023-03-31,0
T120,DOM,2023-04-30,2041
T120,EXP,2023-04-30,0
T120,DOM,2023-05-31,777
T120,EXP,2023-05-31,0
T120,DOM,2023-06-30,281
T120,EXP,2023-06-30,363
T120,DOM,2023-07-31,212
T120,EXP,2023-07-31,273
T120,DOM,2023-08-31,1181
T120,EXP,2023-08-31,0
T120,DOM,2023-09-30,594
T120,EXP,2023-09-30,0
T120,DOM,2023-10-31,815
T120,EXP,2023-10-31,0
T120,DOM,2023-11-30,538
T120,EXP,2023-11-30,694
T120,DOM,2023-12-31,256
T120,EXP,2023-12-31,1453
T120,DOM,2024-01-31,1459
T120,EXP,2024-01-31,0
T120,DOM,2024-02-29,1286
T120,EXP,2024-02-29,0
T120,DOM,2024-03-31,645
T120,EXP,2024-03-31,0
T120,DOM,2024-04-30,1097
T120,EXP,2024-04-30,0
T120,DOM,2024-05-31,947
T120,EXP,2024-05-31,0
T120,DOM,2024-06-30,852
T120,EXP,2024-06-30,0
T120,DOM,2024-07-31,815
T120,EXP,2024-07-31,0
T120,DOM,2024-08-31,441
T120,EXP,2024-08-31,0
T120,DOM,2024-09-30,114
T120,EXP,2024-09-30,147
T120,DOM,2024-10-31,384
T120,EXP,2024-10-31,0
T120,DOM,2024-11-30,652
T120,EXP,2024-11-30,843
T120,DOM,2024-12-31,160
T120,EXP,2024-12-31,908
T120,DOM,2025-01-31,614
T120,EXP,2025-01-31,0
T120,DOM,2025-02-28,740
T120,EXP,2025-02-28,955
T120,DOM,2025-03-31,1823
T120,EXP,2025-03-31,0
T120,DOM,2025-04-30,353
T120,EXP,2025-04-30,455
T120,DOM,2025-05-31,699
T120,EXP,2025-05-31,0
T120,DOM,2025-06-30,929
T120,EXP,2025-06-30,0
T120,DOM,2025-07-31,256
T120,EXP,2025-07-31,331
T120,DOM,2025-08-31,563
T120,EXP,2025-08-31,0
T120,DOM,2025-09-30,628
T120,EXP,2025-09-30,0
T120,DOM,2025-10-31,131
T120,EXP,2025-10-31,741
T120,DOM,2025-11-30,418
T120,EXP,2025-11-30,539
T120,DOM,2025-12-31,492
T120,EXP,2025-12-31,635
T120,DOM,2026-01-31,538
T120,EXP,2026-01-31,0
T120,DOM,2026-02-28,796
T120,EXP,2026-02-28,0
T120,DOM,2026-03-31,1040
T120,EXP,2026-03-31,0
T120,DOM,2026-04-30,406
T120,EXP,2026-04-30,524
T120,DOM,2026-05-31,244
T120,EXP,2026-05-31,315
T120,DOM,2026-06-30,241
T120,EXP,2026-06-30,311
T120,DOM,2026-07-31,440
T120,EXP,2026-07-31,0
T121,DOM,2020-01-31,310
T121,EXP,2020-01-31,298
T121,DOM,2020-02-29,865
T121,EXP,2020-02-29,0
T121,DOM,2020-03-31,987
T121,EXP,2020-03-31,0
T121,DOM,2020-04-30,404
T121,EXP,2020-04-30,390
T121,DOM,2020-05-31,573
T121,EXP,2020-05-31,0
T121,DOM,2020-06-30,363
T121,EXP,2020-06-30,350
T121,DOM,2020-07-31,648
T121,EXP,2020-07-31,624
T121,DOM,2020-08-31,921
T121,EXP,2020-08-31,0
T121,DOM,2020-09-30,412
T121,EXP,2020-09-30,398
T121,DOM,2020-10-31,669
T121,EXP,2020-10-31,0
T121,DOM,2020-11-30,441
T121,EXP,2020-11-30,425
T121,DOM,2020-12-31,662
T121,EXP,2020-12-31,0
T121,DOM,2021-01-31,313
T121,EXP,2021-01-31,302
T121,DOM,2021-02-28,343
T121,EXP,2021-02-28,330
T121,DOM,2021-03-31,186
T121,EXP,2021-03-31,179
T121,DOM,2021-04-30,731
T121,EXP,2021-04-30,0
T121,DOM,2021-05-31,310
T121,EXP,2021-05-31,298
T121,DOM,2021-06-30,264
T121,EXP,2021-06-30,254
T121,DOM,2021-07-31,601
T121,EXP,2021-07-31,0
T121,DOM,2021-08-31,611
T121,EXP,2021-08-31,590
T121,DOM,2021-09-30,475
T121,EXP,2021-09-30,459
T121,DOM,2021-10-31,188
T121,EXP,2021-10-31,182
T121,DOM,2021-11-30,824
T121,EXP,2021-11-30,0
T121,DOM,2021-12-31,427
T121,EXP,2021-12-31,412
T121,DOM,2022-01-31,270
T121,EXP,2022-01-31,260
T121,DOM,2022-02-28,374
T121,EXP,2022-02-28,361
T121,DOM,2022-03-31,890
T121,EXP,2022-03-31,0
T121,DOM,2022-04-30,223
T121,EXP,2022-04-30,215
T121,DOM,2022-05-31,462
T121,EXP,2022-05-31,446
T121,DOM,2022-06-30,313
T121,EXP,2022-06-30,302
T121,DOM,2022-07-31,598
T121,EXP,2022-07-31,0
T121,DOM,2022-08-31,702
T121,EXP,2022-08-31,677
T121,DOM,2022-09-30,807
T121,EXP,2022-09-30,0
T121,DOM,2022-10-31,1051
T121,EXP,2022-10-31,0
T121,DOM,2022-11-30,204
T121,EXP,2022-11-30,197
T121,DOM,2022-12-31,404
T121,EXP,2022-12-31,390
T121,DOM,2023-01-31,612
T121,EXP,2023-01-31,0
T121,DOM,2023-02-28,585
T121,EXP,2023-02-28,0
T121,DOM,2023-03-31,795
T121,EXP,2023-03-31,0
T121,DOM,2023-04-30,809
T121,EXP,2023-04-30,0
T121,DOM,2023-05-31,355
T121,EXP,2023-05-31,342
T121,DOM,2023-06-30,262
T121,EXP,2023-06-30,253
T121,DOM,2023-07-31,922
T121,EXP,2023-07-31,0
T121,DOM,2023-08-31,654
T121,EXP,2023-08-31,0
T121,DOM,2023-09-30,345
T121,EXP,2023-09-30,333
T121,DOM,2023-10-31,259
T121,EXP,2023-10-31,249
T121,DOM,2023-11-30,906
T121,EXP,2023-11-30,0
T121,DOM,2023-12-31,639
T121,EXP,2023-12-31,0
T121,DOM,2024-01-31,413
T121,EXP,2024-01-31,399
T121,DOM,2024-02-29,642
T121,EXP,2024-02-29,0
T121,DOM,2024-03-31,845
T121,EXP,2024-03-31,0
T121,DOM,2024-04-30,764
T121,EXP,2024-04-30,0
T121,DOM,2024-05-31,367
T121,EXP,2024-05-31,353
T121,DOM,2024-06-30,570
T121,EXP,2024-06-30,0
T121,DOM,2024-07-31,815
T121,EXP,2024-07-31,0
T121,DOM,2024-08-31,780
T121,EXP,2024-08-31,0
T121,DOM,2024-09-30,161
T121,EXP,2024-09-30,156
T121,DOM,2024-10-31,481
T121,EXP,2024-10-31,0
T121,DOM,2024-11-30,251
T121,EXP,2024-11-30,243
T121,DOM,2024-12-31,643
T121,EXP,2024-12-31,0
T121,DOM,2025-01-31,200
T121,EXP,2025-01-31,192
T121,DOM,2025-02-28,147
T121,EXP,2025-02-28,141
T121,DOM,2025-03-31,546
T121,EXP,2025-03-31,0
T121,DOM,2025-04-30,796
T121,EXP,2025-04-30,0
T121,DOM,2025-05-31,327
T121,EXP,2025-05-31,316
T121,DOM,2025-06-30,261
T121,EXP,2025-06-30,251
T121,DOM,2025-07-31,786
T121,EXP,2025-07-31,0
T121,DOM,2025-08-31,727
T121,EXP,2025-08-31,0
T121,DOM,2025-09-30,1173
T121,EXP,2025-09-30,0
T121,DOM,2025-10-31,1127
T121,EXP,2025-10-31,0
T121,DOM,2025-11-30,370
T121,EXP,2025-11-30,356
T121,DOM,2025-12-31,326
T121,EXP,2025-12-31,314
T121,DOM,2026-01-31,711
T121,EXP,2026-01-31,0
T121,DOM,2026-02-28,486
T121,EXP,2026-02-28,0
T121,DOM,2026-03-31,619
T121,EXP,2026-03-31,0
T121,DOM,2026-04-30,670
T121,EXP,2026-04-30,0
T121,DOM,2026-05-31,331
T121,EXP,2026-05-31,320
T121,DOM,2026-06-30,139
T121,EXP,2026-06-30,786
T121,DOM,2026-07-31,217
T121,EXP,2026-07-31,210
T122,DOM,2020-01-31,547
T122,EXP,2020-01-31,0
T122,DOM,2020-02-29,95
T122,EXP,2020-02-29,143
T122,DOM,2020-03-31,80
T122,EXP,2020-03-31,120
T122,DOM,2020-04-30,271
T122,EXP,2020-04-30,0
T122,DOM,2020-05-31,470
T122,EXP,2020-05-31,706
T122,DOM,2020-06-30,147
T122,EXP,2020-06-30,220
T122,DOM,2020-07-31,399
T122,EXP,2020-07-31,599
T122,DOM,2020-08-31,687
T122,EXP,2020-08-31,0
T122,DOM,2020-09-30,664
T122,EXP,2020-09-30,0
T122,DOM,2020-10-31,225
T122,EXP,2020-10-31,0
T122,DOM,2020-11-30,556
T122,EXP,2020-11-30,0
T122,DOM,2020-12-31,95
T122,EXP,2020-12-31,142
T122,DOM,2021-01-31,124
T122,EXP,2021-01-31,0
T122,DOM,2021-02-28,177
T122,EXP,2021-02-28,0
T122,DOM,2021-03-31,127
T122,EXP,2021-03-31,191
T122,DOM,2021-04-30,120
T122,EXP,2021-04-30,180
T122,DOM,2021-05-31,274
T122,EXP,2021-05-31,0
T122,DOM,2021-06-30,326
T122,EXP,2021-06-30,0
T122,DOM,2021-07-31,190
T122,EXP,2021-07-31,0
T122,DOM,2021-08-31,378
T122,EXP,2021-08-31,0
T122,DOM,2021-09-30,180
T122,EXP,2021-09-30,269
T122,DOM,2021-10-31,184
T122,EXP,2021-10-31,277
T122,DOM,2021-11-30,252
T122,EXP,2021-11-30,0
T122,DOM,2021-12-31,1671
T122,EXP,2021-12-31,0
T122,DOM,2022-01-31,141
T122,EXP,2022-01-31,211
T122,DOM,2022-02-28,222
T122,EXP,2022-02-28,334
T122,DOM,2022-03-31,162
T122,EXP,2022-03-31,0
T122,DOM,2022-04-30,137
T122,EXP,2022-04-30,205
T122,DOM,2022-05-31,90
T122,EXP,2022-05-31,136
T122,DOM,2022-06-30,83
T122,EXP,2022-06-30,124
T122,DOM,2022-07-31,325
T122,EXP,2022-07-31,0
T122,DOM,2022-08-31,33
T122,EXP,2022-08-31,184
T122,DOM,2022-09-30,212
T122,EXP,2022-09-30,319
T122,DOM,2022-10-31,48
T122,EXP,2022-10-31,71
T122,DOM,2022-11-30,122
T122,EXP,2022-11-30,182
T122,DOM,2022-12-31,223
T122,EXP,2022-12-31,0
T122,DOM,2023-01-31,877
T122,EXP,2023-01-31,0
T122,DOM,2023-02-28,49
T122,EXP,2023-02-28,279
T122,DOM,2023-03-31,58
T122,EXP,2023-03-31,87
T122,DOM,2023-04-30,64
T122,EXP,2023-04-30,97
T122,DOM,2023-05-31,165
T122,EXP,2023-05-31,247
T122,DOM,2023-06-30,27
T122,EXP,2023-06-30,155
T122,DOM,2023-07-31,112
T122,EXP,2023-07-31,169
T122,DOM,2023-08-31,106
T122,EXP,2023-08-31,160
T122,DOM,2023-09-30,236
T122,EXP,2023-09-30,0
T122,DOM,2023-10-31,400
T122,EXP,2023-10-31,601
T122,DOM,2023-11-30,110
T122,EXP,2023-11-30,165
T122,DOM,2023-12-31,744
T122,EXP,2023-12-31,0
T122,DOM,2024-01-31,209
T122,EXP,2024-01-31,0
T122,DOM,2024-02-29,82
T122,EXP,2024-02-29,123
T122,DOM,2024-03-31,106
T122,EXP,2024-03-31,159
T122,DOM,2024-04-30,175
T122,EXP,2024-04-30,0
T122,DOM,2024-05-31,710
T122,EXP,2024-05-31,0
T122,DOM,2024-06-30,26
T122,EXP,2024-06-30,39
T122,DOM,2024-07-31,210
T122,EXP,2024-07-31,315
T122,DOM,2024-08-31,135
T122,EXP,2024-08-31,203
T122,DOM,2024-09-30,116
T122,EXP,2024-09-30,173
T122,DOM,2024-10-31,182
T122,EXP,2024-10-31,0
T122,DOM,2024-11-30,113
T122,EXP,2024-11-30,642
T122,DOM,2024-12-31,351
T122,EXP,2024-12-31,0
T122,DOM,2025-01-31,189
T122,EXP,2025-01-31,0
T122,DOM,2025-02-28,202
T122,EXP,2025-02-28,0
T122,DOM,2025-03-31,160
T122,EXP,2025-03-31,240
T122,DOM,2025-04-30,49
T122,EXP,2025-04-30,73
T122,DOM,2025-05-31,104
T122,EXP,2025-05-31,156
T122,DOM,2025-06-30,1011
T122,EXP,2025-06-30,0
T122,DOM,2025-07-31,52
T122,EXP,2025-07-31,77
T122,DOM,2025-08-31,69
T122,EXP,2025-08-31,103
T122,DOM,2025-09-30,316
T122,EXP,2025-09-30,473
T122,DOM,2025-10-31,100
T122,EXP,2025-10-31,149
T122,DOM,2025-11-30,386
T122,EXP,2025-11-30,580
T122,DOM,2025-12-31,265
T122,EXP,2025-12-31,0
T122,DOM,2026-01-31,111
T122,EXP,2026-01-31,0
T122,DOM,2026-02-28,414
T122,EXP,2026-02-28,622
T122,DOM,2026-03-31,35
T122,EXP,2026-03-31,196
T122,DOM,2026-04-30,509
T122,EXP,2026-04-30,0
T122,DOM,2026-05-31,308
T122,EXP,2026-05-31,0
T122,DOM,2026-06-30,246
T122,EXP,2026-06-30,368
T122,DOM,2026-07-31,282
T122,EXP,2026-07-31,0
T240,DOM,2020-01-31,611
T240,EXP,2020-01-31,0
T240,DOM,2020-02-29,229
T240,EXP,2020-02-29,255
T240,DOM,2020-03-31,569
T240,EXP,2020-03-31,0
T240,DOM,2020-04-30,503
T240,EXP,2020-04-30,0
T240,DOM,2020-05-31,476
T240,EXP,2020-05-31,530
T240,DOM,2020-06-30,560
T240,EXP,2020-06-30,624
T240,DOM,2020-07-31,892
T240,EXP,2020-07-31,0
T240,DOM,2020-08-31,635
T240,EXP,2020-08-31,0
T240,DOM,2020-09-30,1214
T240,EXP,2020-09-30,0
T240,DOM,2020-10-31,672
T240,EXP,2020-10-31,0
T240,DOM,2020-11-30,725
T240,EXP,2020-11-30,0
T240,DOM,2020-12-31,483
T240,EXP,2020-12-31,0
T240,DOM,2021-01-31,456
T240,EXP,2021-01-31,0
T240,DOM,2021-02-28,446
T240,EXP,2021-02-28,497
T240,DOM,2021-03-31,1150
T240,EXP,2021-03-31,0
T240,DOM,2021-04-30,488
T240,EXP,2021-04-30,0
T240,DOM,2021-05-31,399
T240,EXP,2021-05-31,445
T240,DOM,2021-06-30,627
T240,EXP,2021-06-30,0
T240,DOM,2021-07-31,266
T240,EXP,2021-07-31,297
T240,DOM,2021-08-31,1057
T240,EXP,2021-08-31,0
T240,DOM,2021-09-30,774
T240,EXP,2021-09-30,0
T240,DOM,2021-10-31,228
T240,EXP,2021-10-31,255
T240,DOM,2021-11-30,1026
T240,EXP,2021-11-30,0
T240,DOM,2021-12-31,358
T240,EXP,2021-12-31,400
T240,DOM,2022-01-31,60
T240,EXP,2022-01-31,341
T240,DOM,2022-02-28,441
T240,EXP,2022-02-28,0
T240,DOM,2022-03-31,654
T240,EXP,2022-03-31,0
T240,DOM,2022-04-30,794
T240,EXP,2022-04-30,0
T240,DOM,2022-05-31,930
T240,EXP,2022-05-31,0
T240,DOM,2022-06-30,479
T240,EXP,2022-06-30,0
T240,DOM,2022-07-31,114
T240,EXP,2022-07-31,647
T240,DOM,2022-08-31,584
T240,EXP,2022-08-31,652
T240,DOM,2022-09-30,1035
T240,EXP,2022-09-30,0
T240,DOM,2022-10-31,427
T240,EXP,2022-10-31,477
T240,DOM,2022-11-30,344
T240,EXP,2022-11-30,383
T240,DOM,2022-12-31,632
T240,EXP,2022-12-31,0
T240,DOM,2023-01-31,298
T240,EXP,2023-01-31,0
T240,DOM,2023-02-28,260
T240,EXP,2023-02-28,290
T240,DOM,2023-03-31,271
T240,EXP,2023-03-31,303
T240,DOM,2023-04-30,333
T240,EXP,2023-04-30,372
T240,DOM,2023-05-31,332
T240,EXP,2023-05-31,370
T240,DOM,2023-06-30,479
T240,EXP,2023-06-30,534
T240,DOM,2023-07-31,317
T240,EXP,2023-07-31,354
T240,DOM,2023-08-31,521
T240,EXP,2023-08-31,0
T240,DOM,2023-09-30,744
T240,EXP,2023-09-30,0
T240,DOM,2023-10-31,193
T240,EXP,2023-10-31,215
T240,DOM,2023-11-30,187
T240,EXP,2023-11-30,209
T240,DOM,2023-12-31,117
T240,EXP,2023-12-31,130
T240,DOM,2024-01-31,726
T240,EXP,2024-01-31,0
T240,DOM,2024-02-29,320
T240,EXP,2024-02-29,357
T240,DOM,2024-03-31,957
T240,EXP,2024-03-31,0
T240,DOM,2024-04-30,520
T240,EXP,2024-04-30,579
T240,DOM,2024-05-31,604
T240,EXP,2024-05-31,0
T240,DOM,2024-06-30,698
T240,EXP,2024-06-30,778
T240,DOM,2024-07-31,384
T240,EXP,2024-07-31,429
T240,DOM,2024-08-31,804
T240,EXP,2024-08-31,896
T240,DOM,2024-09-30,94
T240,EXP,2024-09-30,532
T240,DOM,2024-10-31,412
T240,EXP,2024-10-31,459
T240,DOM,2024-11-30,535
T240,EXP,2024-11-30,597
T240,DOM,2024-12-31,757
T240,EXP,2024-12-31,0
T240,DOM,2025-01-31,1054
T240,EXP,2025-01-31,0
T240,DOM,2025-02-28,682
T240,EXP,2025-02-28,0
T240,DOM,2025-03-31,261
T240,EXP,2025-03-31,291
T240,DOM,2025-04-30,690
T240,EXP,2025-04-30,0
T240,DOM,2025-05-31,173
T240,EXP,2025-05-31,193
T240,DOM,2025-06-30,142
T240,EXP,2025-06-30,805
T240,DOM,2025-07-31,921
T240,EXP,2025-07-31,0
T240,DOM,2025-08-31,775
T240,EXP,2025-08-31,0
T240,DOM,2025-09-30,564
T240,EXP,2025-09-30,630
T240,DOM,2025-10-31,424
T240,EXP,2025-10-31,473
T240,DOM,2025-11-30,142
T240,EXP,2025-11-30,805
T240,DOM,2025-12-31,515
T240,EXP,2025-12-31,0
T240,DOM,2026-01-31,341
T240,EXP,2026-01-31,381
T240,DOM,2026-02-28,194
T240,EXP,2026-02-28,216
T240,DOM,2026-03-31,543
T240,EXP,2026-03-31,605
T240,DOM,2026-04-30,297
T240,EXP,2026-04-30,332
T240,DOM,2026-05-31,1037
T240,EXP,2026-05-31,0
T240,DOM,2026-06-30,513
T240,EXP,2026-06-30,572
T240,DOM,2026-07-31,304
T240,EXP,2026-07-31,339
T241,DOM,2020-01-31,7
T241,EXP,2020-01-31,0
T241,DOM,2020-02-29,2
T241,EXP,2020-02-29,3
T241,DOM,2020-03-31,5
T241,EXP,2020-03-31,9
T241,DOM,2020-04-30,3
T241,EXP,2020-04-30,6
T241,DOM,2020-05-31,5
T241,EXP,2020-05-31,0
T241,DOM,2020-06-30,24
T241,EXP,2020-06-30,0
T241,DOM,2020-07-31,3
T241,EXP,2020-07-31,0
T241,DOM,2020-08-31,7
T241,EXP,2020-08-31,11
T241,DOM,2020-09-30,5
T241,EXP,2020-09-30,0
T241,DOM,2020-10-31,5
T241,EXP,2020-10-31,0
T241,DOM,2020-11-30,7
T241,EXP,2020-11-30,0
T241,DOM,2020-12-31,105
T241,EXP,2020-12-31,0
T241,DOM,2021-01-31,10
T241,EXP,2021-01-31,17
T241,DOM,2021-02-28,7
T241,EXP,2021-02-28,0
T241,DOM,2021-03-31,3
T241,EXP,2021-03-31,0
T241,DOM,2021-04-30,5
T241,EXP,2021-04-30,8
T241,DOM,2021-05-31,1
T241,EXP,2021-05-31,4
T241,DOM,2021-06-30,15
T241,EXP,2021-06-30,0
T241,DOM,2021-07-31,2
T241,EXP,2021-07-31,2
T241,DOM,2021-08-31,23
T241,EXP,2021-08-31,0
T241,DOM,2021-09-30,6
T241,EXP,2021-09-30,11
T241,DOM,2021-10-31,2
T241,EXP,2021-10-31,14
T241,DOM,2021-11-30,6
T241,EXP,2021-11-30,10
T241,DOM,2021-12-31,19
T241,EXP,2021-12-31,0
T241,DOM,2022-01-31,3
T241,EXP,2022-01-31,6
T241,DOM,2022-02-28,2
T241,EXP,2022-02-28,2
T241,DOM,2022-03-31,16
T241,EXP,2022-03-31,0
T241,DOM,2022-04-30,4
T241,EXP,2022-04-30,6
T241,DOM,2022-05-31,7
T241,EXP,2022-05-31,0
T241,DOM,2022-06-30,13
T241,EXP,2022-06-30,0
T241,DOM,2022-07-31,16
T241,EXP,2022-07-31,27
T241,DOM,2022-08-31,11
T241,EXP,2022-08-31,0
T241,DOM,2022-09-30,31
T241,EXP,2022-09-30,0
T241,DOM,2022-10-31,5
T241,EXP,2022-10-31,0
T241,DOM,2022-11-30,4
T241,EXP,2022-11-30,7
T241,DOM,2022-12-31,2
T241,EXP,2022-12-31,2
T241,DOM,2023-01-31,2
T241,EXP,2023-01-31,0
T241,DOM,2023-02-28,55
T241,EXP,2023-02-28,0
T241,DOM,2023-03-31,2
T241,EXP,2023-03-31,9
T241,DOM,2023-04-30,8
T241,EXP,2023-04-30,0
T241,DOM,2023-05-31,13
T241,EXP,2023-05-31,22
T241,DOM,2023-06-30,1
T241,EXP,2023-06-30,2
T241,DOM,2023-07-31,5
T241,EXP,2023-07-31,0
T241,DOM,2023-08-31,3
T241,EXP,2023-08-31,5
T241,DOM,2023-09-30,2
T241,EXP,2023-09-30,2
T241,DOM,2023-10-31,10
T241,EXP,2023-10-31,0
T241,DOM,2023-11-30,2
T241,EXP,2023-11-30,3
T241,DOM,2023-12-31,11
T241,EXP,2023-12-31,17
T241,DOM,2024-01-31,19
T241,EXP,2024-01-31,30
T241,DOM,2024-02-29,0
T241,EXP,2024-02-29,2
T241,DOM,2024-03-31,11
T241,EXP,2024-03-31,0
T241,DOM,2024-04-30,5
T241,EXP,2024-04-30,9
T241,DOM,2024-05-31,3
T241,EXP,2024-05-31,5
T241,DOM,2024-06-30,7
T241,EXP,2024-06-30,11
T241,DOM,2024-07-31,6
T241,EXP,2024-07-31,10
T241,DOM,2024-08-31,21
T241,EXP,2024-08-31,33
T241,DOM,2024-09-30,4
T241,EXP,2024-09-30,0
T241,DOM,2024-10-31,12
T241,EXP,2024-10-31,0
T241,DOM,2024-11-30,27
T241,EXP,2024-11-30,44
T241,DOM,2024-12-31,73
T241,EXP,2024-12-31,0
T241,DOM,2025-01-31,18
T241,EXP,2025-01-31,0
T241,DOM,2025-02-28,20
T241,EXP,2025-02-28,0
T241,DOM,2025-03-31,54
T241,EXP,2025-03-31,87
T241,DOM,2025-04-30,10
T241,EXP,2025-04-30,0
T241,DOM,2025-05-31,23
T241,EXP,2025-05-31,36
T241,DOM,2025-06-30,33
T241,EXP,2025-06-30,0
T241,DOM,2025-07-31,8
T241,EXP,2025-07-31,14
T241,DOM,2025-08-31,2
T241,EXP,2025-08-31,4
T241,DOM,2025-09-30,17
T241,EXP,2025-09-30,0
T241,DOM,2025-10-31,38
T241,EXP,2025-10-31,0
T241,DOM,2025-11-30,17
T241,EXP,2025-11-30,0
T241,DOM,2025-12-31,4
T241,EXP,2025-12-31,7
T241,DOM,2026-01-31,19
T241,EXP,2026-01-31,32
T241,DOM,2026-02-28,4
T241,EXP,2026-02-28,0
T241,DOM,2026-03-31,19
T241,EXP,2026-03-31,30
T241,DOM,2026-04-30,18
T241,EXP,2026-04-30,0
T241,DOM,2026-05-31,2
T241,EXP,2026-05-31,2
T241,DOM,2026-06-30,2
T241,EXP,2026-06-30,12
T241,DOM,2026-07-31,18
T241,EXP,2026-07-31,0
